s{R[h͎s撬R[h,NO,s{,s撬,,Z,,ܓx,ox,aEe,l
082333,1,錧,ss,hΐ,,,36.548963,139.930763,40,
082333,2,錧,ss,hΐ,,,36.546369,139.936014,40,
082333,3,錧,ss,hΐ,,,36.549888,139.935789,40,
082333,4,錧,ss,hΐ,,,36.557717,139.934946,27,
082333,5,錧,ss,hΐ,,,36.562705,139.926680,30,
082333,6,錧,ss,hΐ,,,36.560685,139.946251,27,
082333,7,錧,ss,hΐ,,,36.564209,139.944196,30,
082333,8,錧,ss,hΐ,,,36.571970,139.926777,30,
082333,9,錧,ss,hΐ,,,36.565132,139.922606,27,
082333,10,錧,ss,hΐ,,,36.563807,139.923143,27,
082333,11,錧,ss,hΐ,,,36.555799,139.944914,30,
082333,12,錧,ss,hΐ,,,36.555298,139.916560,40,
082333,13,錧,ss,hΐ,,,36.552376,139.914749,40,
082333,14,錧,ss,hΐ,,,36.548949,139.909241,30,
082333,15,錧,ss,hΐ,,,36.544839,139.899728,27,
082333,16,錧,ss,hΐ,,,36.551521,139.899503,30,
082333,17,錧,ss,hΐ,,,36.555340,139.895588,40,
082333,18,錧,ss,hΐ,,,36.554174,139.906883,30,
082333,19,錧,ss,hΐ,,,36.558523,139.911220,30,
082333,20,錧,ss,hΐ,,,36.561810,139.909057,40,
082333,21,錧,ss,hΐ,,,36.561791,139.912614,27,
082333,22,錧,ss,hΐ,,,36.562524,139.916731,27,
082333,23,錧,ss,hΐ,,,36.567643,139.907863,27,
082333,24,錧,ss,hΐ,,,36.575262,139.904302,27,
082333,25,錧,ss,hΐ,,,36.573314,139.900844,30,
082333,26,錧,ss,hΐ,,,36.577080,139.900700,30,
082333,27,錧,ss,hΐ,,,36.577689,139.904085,40,
082333,28,錧,ss,hΐ,,,36.576948,139.906249,40,
082333,29,錧,ss,hΐ,,,36.503155,139.989635,27,
082333,30,錧,ss,hΐ,,,36.502024,139.987281,30,
082333,31,錧,ss,hΐ,,,36.504900,139.982068,40,
082333,32,錧,ss,hΐ,,,36.508627,139.984131,40,
082333,33,錧,ss,hΐ,,,36.511340,139.985108,40,
082333,34,錧,ss,hΐ,,,36.503229,139.974516,40,
082333,35,錧,ss,hΐ,,,36.506298,139.973272,40,
082333,36,錧,ss,hΐ,,,36.511266,139.976597,40,
082333,37,錧,ss,hΐ,,,36.512045,139.969122,40,
082333,38,錧,ss,hΐ,,,36.518578,139.979178,32.6,
082333,39,錧,ss,hΐ,,,36.516810,139.973487,40,
082333,40,錧,ss,hΐ,,,36.504585,139.964677,40,
082333,41,錧,ss,hΐ,,,36.508781,139.963344,40,
082333,42,錧,ss,hΐ,,,36.506849,139.961018,40,
082333,43,錧,ss,hΐ,,,36.508195,139.957926,30,
082333,44,錧,ss,hΐ,,,36.514091,139.956943,30,
082333,45,錧,ss,hΐ,,,36.516488,139.955202,40,
082333,46,錧,ss,hΐ,,,36.518473,139.969672,27,
082333,47,錧,ss,hΐ,,,36.524352,139.973073,40,
082333,48,錧,ss,hΐ,,,36.526507,139.973245,27,
082333,49,錧,ss,hΐ,,,36.522502,139.955519,40,
082333,50,錧,ss,hΐ,,,36.526043,139.956017,27,
082333,51,錧,ss,hΐ,,,36.526787,139.957786,40,
082333,52,錧,ss,hΐ,,,36.528540,139.961094,30,
082333,53,錧,ss,hΐ,,,36.519436,139.953553,40,
082333,54,錧,ss,hΐ,,,36.507835,139.965677,40,
082333,55,錧,ss,hΐ,,,36.501451,139.977899,40,
082333,56,錧,ss,hΐ,,,36.528090,139.955064,24.4,
082333,57,錧,ss,hΐ,,,36.531566,139.956480,30.5,
082333,58,錧,ss,hΐ,,,36.533716,139.956242,22.5,
082333,59,錧,ss,hΐ,,,36.534419,139.957133,22.5,
082333,60,錧,ss,hΐ,,,36.535757,139.961855,32,
082333,61,錧,ss,hΐ,,,36.531552,139.964478,32.3,
082333,62,錧,ss,hΐ,,,36.528966,139.969653,40,
082333,63,錧,ss,hΐ,,,36.524793,139.981728,27,
082333,64,錧,ss,hΐ,,,36.534568,139.966420,40,
082333,65,錧,ss,hΐ,,,36.529826,139.983980,31.8,
082333,66,錧,ss,hΐ,,,36.543799,139.952163,40,
082333,67,錧,ss,hΐ,,,36.538360,139.955433,29,
082333,68,錧,ss,hΐ,,,36.536297,139.955981,27,
082333,69,錧,ss,hΐ,,,36.534101,139.947009,40,
082333,70,錧,ss,hΐ,,,36.535290,139.942763,27,
082333,71,錧,ss,hΐ,,,36.531382,139.981482,40,
082333,72,錧,ss,hΐ,,,36.535531,139.977968,30,
082333,73,錧,ss,hΐ,,,36.538288,139.983676,40,
082333,74,錧,ss,hΐ,,,36.540907,139.983310,40,
082333,75,錧,ss,hΐ,,,36.542688,139.985475,30,
082333,76,錧,ss,hΐ,,,36.544473,139.988134,40,
082333,77,錧,ss,hΐ,,,36.547146,139.985926,29.6,
082333,78,錧,ss,hΐ,,,36.549363,139.986331,40,
082333,79,錧,ss,hΐ,,,36.543938,139.977439,40,
082333,80,錧,ss,hΐ,,,36.549799,139.975121,22.5,
082333,81,錧,ss,hΐ,,,36.560433,139.976713,30,
082333,82,錧,ss,hΐ,,,36.561224,139.973609,27,
082333,83,錧,ss,hΐ,,,36.561156,139.971445,40,
082333,84,錧,ss,hΐ,,,36.560165,139.968684,27,
082333,85,錧,ss,hΐ,,,36.563018,139.959577,30,
082333,86,錧,ss,hΐ,,,36.556354,139.961081,40,
082333,87,錧,ss,hΐ,,,36.555069,139.962041,22.5,
082333,88,錧,ss,hΐ,,,36.554751,139.959985,27,
082333,89,錧,ss,hΐ,,,36.552876,139.957466,40,
082333,90,錧,ss,hΐ,,,36.555377,139.955147,40,
082333,91,錧,ss,hΐ,,,36.557155,139.953516,30,
082333,92,錧,ss,hΐ,,,36.555611,139.957847,27,
082333,93,錧,ss,hΐ,,,36.557218,139.949623,28.6,
082333,94,錧,ss,hΐ,,,36.556677,139.948193,30,
082333,95,錧,ss,hΐ,,,36.551508,139.950005,40,
082333,96,錧,ss,hΐ,,,36.548734,139.947989,40,
082333,97,錧,ss,hΐ,,,36.548715,139.950428,40,
082333,98,錧,ss,hΐ,,,36.547136,139.950653,36,
082333,99,錧,ss,hΐ,,,36.545975,139.950732,27,
082333,100,錧,ss,hΐ,,,36.545618,139.952075,50,
082333,101,錧,ss,hΐ,,,36.546982,139.941160,40,
082333,102,錧,ss,hΐ,,,36.544002,139.971063,33.3,
082333,103,錧,ss,hΐ,,,36.508293,139.953609,19,
082333,104,錧,ss,hΐ,,,36.507164,139.940399,21,
082333,105,錧,ss,hΐ,,,36.511558,139.940577,40,
082333,106,錧,ss,hΐ,,,36.513708,139.934790,59,
082333,107,錧,ss,hΐ,,,36.513358,139.928235,33,
082333,108,錧,ss,hΐ,,,36.510892,139.924340,20,
082333,109,錧,ss,hΐ,,,36.510976,139.922659,22.5,
082333,110,錧,ss,hΐ,,,36.518321,139.922386,40,
082333,111,錧,ss,hΐ,,,36.523183,139.940278,40,
082333,112,錧,ss,hΐ,,,36.524746,139.946063,27,
082333,113,錧,ss,hΐ,,,36.529461,139.945161,40,
082333,114,錧,ss,hΐ,,,36.529889,139.940887,22,
082333,115,錧,ss,hΐ,,,36.527365,139.934726,40,
082333,116,錧,ss,hΐ,,,36.523873,139.928755,40,
082333,117,錧,ss,hΐ,,,36.522437,139.926134,36,
082333,118,錧,ss,hΐ,,,36.514586,139.919091,31,
082333,119,錧,ss,hΐ,,,36.515205,139.915743,40,
082333,120,錧,ss,hΐ,,,36.518117,139.911729,30,
082333,121,錧,ss,hΐ,,,36.520746,139.919466,40,
082333,122,錧,ss,hΐ,,,36.522495,139.910907,34,
082333,123,錧,ss,hΐ,,,36.527133,139.909331,40,
082333,124,錧,ss,hΐ,,,36.531899,139.906386,27,
082333,125,錧,ss,hΐ,,,36.527402,139.919387,32,
082333,126,錧,ss,hΐ,,,36.530297,139.923805,27,
082333,127,錧,ss,hΐ,,,36.536221,139.937556,40,
082333,128,錧,ss,hΐ,,,36.538929,139.935357,30,
082333,129,錧,ss,hΐ,,,36.540570,139.931764,40,
082333,130,錧,ss,hΐ,,,36.536433,139.931208,40,
082333,131,錧,ss,hΐ,,,36.542939,139.927469,26,
082333,132,錧,ss,hΐ,,,36.546007,139.921779,34,
082333,133,錧,ss,hΐ,,,36.538994,139.919458,40,
082333,134,錧,ss,hΐ,,,36.536087,139.915173,34,
082333,135,錧,ss,hΐ,,,36.540012,139.912259,25,
082333,136,錧,ss,hΐ,,,36.533537,139.904914,18,
082333,137,錧,ss,hΐ,,,36.536620,139.901124,30,
082333,138,錧,ss,hΐ,,,36.541216,139.918409,40,
082333,139,錧,ss,hΐ,,,36.503639,139.933055,40,
082333,140,錧,ss,hΐ,,,36.500908,139.926957,18,
082333,141,錧,ss,hΐ,,,36.499693,139.928968,22,
082333,142,錧,ss,hΐ,,,36.486555,139.920472,18,
082333,143,錧,ss,hΐ,,,36.487049,139.917829,16,
082333,144,錧,ss,hΐ,,,36.487533,139.915612,18,
082333,145,錧,ss,hΐ,,,36.489337,139.916387,18,
082333,146,錧,ss,hΐ,,,36.489892,139.920606,18,
082333,147,錧,ss,hΐ,,,36.490238,139.918398,40,
082333,148,錧,ss,hΐ,,,36.491728,139.919340,23,
082333,149,錧,ss,hΐ,,,36.491659,139.912488,18,
082333,150,錧,ss,hΐ,,,36.494692,139.920600,40,
082333,151,錧,ss,hΐ,,,36.495902,139.914074,20,
082333,152,錧,ss,hΐ,,,36.503467,139.920389,40,
082333,153,錧,ss,hΐ,,,36.507140,139.918750,40,
082333,154,錧,ss,hΐ,,,36.508891,139.917479,19,
082333,155,錧,ss,hΐ,,,36.511052,139.913447,40,
082333,156,錧,ss,hΐ,,,36.490100,139.909953,18,
082333,157,錧,ss,hΐ,,,36.491769,139.907482,40,
082333,158,錧,ss,hΐ,,,36.491523,139.906145,12,
082333,159,錧,ss,hΐ,,,36.492979,139.907746,44,
082333,160,錧,ss,hΐ,,,36.494056,139.906913,18,
082333,161,錧,ss,hΐ,,,36.501272,139.901125,18,
082333,162,錧,ss,hΐ,,,36.502232,139.907422,18,
082333,163,錧,ss,hΐ,,,36.505748,139.903996,18,
082333,164,錧,ss,hΐ,,,36.509270,139.910352,25,
082333,165,錧,ss,hΐ,,,36.493896,139.895069,18,
082333,166,錧,ss,hΐ,,,36.494791,139.896276,18,
082333,167,錧,ss,hΐ,,,36.494738,139.894981,19,
082333,168,錧,ss,hΐ,,,36.494904,139.893857,19,
082333,169,錧,ss,hΐ,,,36.497717,139.899346,19,
082333,170,錧,ss,hΐ,,,36.500486,139.895929,19,
082333,171,錧,ss,hΐ,,,36.501926,139.896827,40,
082333,172,錧,ss,hΐ,,,36.502671,139.897082,18,
082333,173,錧,ss,hΐ,,,36.496825,139.912514,40,
082333,174,錧,ss,hΐ,,,36.494142,139.981402,10.7,
082333,175,錧,ss,hΐ,,,36.495948,139.986672,40,
082333,176,錧,ss,hΐ,,,36.495393,139.984831,22,
082333,177,錧,ss,hΐ,,,36.495002,139.979709,18,
082333,178,錧,ss,hΐ,,,36.496448,139.982424,18,
082333,179,錧,ss,hΐ,,,36.497946,139.984680,19,
082333,180,錧,ss,hΐ,,,36.475518,139.976290,18,
082333,181,錧,ss,hΐ,,,36.475256,139.972106,23.4,
082333,182,錧,ss,hΐ,,,36.476430,139.970434,40,
082333,183,錧,ss,hΐ,,,36.478820,139.969629,17.1,
082333,184,錧,ss,hΐ,,,36.480938,139.970114,9,
082333,185,錧,ss,hΐ,,,36.482400,139.972455,9.4,
082333,186,錧,ss,hΐ,,,36.487249,139.975746,16.6,
082333,187,錧,ss,hΐ,,,36.490017,139.968274,21.5,
082333,188,錧,ss,hΐ,,,36.497311,139.969659,10,
082333,189,錧,ss,hΐ,,,36.499404,139.977531,16.6,
082333,190,錧,ss,hΐ,,,36.472792,139.963600,18,
082333,191,錧,ss,hΐ,,,36.472687,139.962750,7.6,
082333,192,錧,ss,hΐ,,,36.473923,139.965443,40,
082333,193,錧,ss,hΐ,,,36.474692,139.966374,40,
082333,194,錧,ss,hΐ,,,36.475084,139.963822,20,
082333,195,錧,ss,hΐ,,,36.475481,139.963048,40,
082333,196,錧,ss,hΐ,,,36.476005,139.965406,40,
082333,197,錧,ss,hΐ,,,36.477465,139.966486,18,
082333,198,錧,ss,hΐ,,,36.478353,139.962741,21.9,
082333,199,錧,ss,hΐ,,,36.475989,139.959619,19.6,
082333,200,錧,ss,hΐ,,,36.476888,139.960650,11,
082333,201,錧,ss,hΐ,,,36.479069,139.959630,40,
082333,202,錧,ss,hΐ,,,36.480699,139.964303,9,
082333,203,錧,ss,hΐ,,,36.480171,139.956588,20,
082333,204,錧,ss,hΐ,,,36.481297,139.966521,40,
082333,205,錧,ss,hΐ,,,36.491135,139.962082,26,
082333,206,錧,ss,hΐ,,,36.492549,139.961579,18.9,
082333,207,錧,ss,hΐ,,,36.494223,139.963271,22,
082333,208,錧,ss,hΐ,,,36.494585,139.961805,18,
082333,209,錧,ss,hΐ,,,36.495717,139.964162,16.6,
082333,210,錧,ss,hΐ,,,36.496312,139.964855,18,
082333,211,錧,ss,hΐ,,,36.466512,139.948195,40,
082333,212,錧,ss,hΐ,,,36.482534,139.946347,23,
082333,213,錧,ss,hΐ,,,36.498555,139.987316,32,
082333,214,錧,ss,hΐ,,,36.497272,139.965629,40,
082333,215,錧,ss,hΐ,,,36.494321,140.023172,18,
082333,216,錧,ss,hΐ,,,36.499368,140.024623,40,
082333,217,錧,ss,hΐ,,,36.501259,140.028123,40,
082333,218,錧,ss,hΐ,,,36.493526,140.017850,20,
082333,219,錧,ss,hΐ,,,36.494466,140.017456,40,
082333,220,錧,ss,hΐ,,,36.494826,140.020785,12,
082333,221,錧,ss,hΐ,,,36.494881,140.018837,40,
082333,222,錧,ss,hΐ,,,36.495138,140.013621,12,
082333,223,錧,ss,hΐ,,,36.500274,140.020767,40,
082333,224,錧,ss,hΐ,,,36.502030,140.014370,25,
082333,225,錧,ss,hΐ,,,36.503581,140.021053,21,
082333,226,錧,ss,hΐ,,,36.503673,140.013442,12,
082333,227,錧,ss,hΐ,,,36.477560,140.000999,18,
082333,228,錧,ss,hΐ,,,36.478533,140.005065,18,
082333,229,錧,ss,hΐ,,,36.481566,140.007876,19.2,
082333,230,錧,ss,hΐ,,,36.481957,140.003814,40,
082333,231,錧,ss,hΐ,,,36.483190,140.011806,26.9,
082333,232,錧,ss,hΐ,,,36.482555,140.001001,18.5,
082333,233,錧,ss,hΐ,,,36.485179,140.007364,21.1,
082333,234,錧,ss,hΐ,,,36.495898,140.007198,15,
082333,235,錧,ss,hΐ,,,36.495144,140.000960,18.4,
082333,236,錧,ss,hΐ,,,36.498097,140.011850,17,
082333,237,錧,ss,hΐ,,,36.502840,140.010849,18,
082333,238,錧,ss,hΐ,,,36.499746,140.007778,22,
082333,239,錧,ss,hΐ,,,36.498552,140.009753,40,
082333,240,錧,ss,hΐ,,,36.472081,139.991893,7.4,
082333,241,錧,ss,hΐ,,,36.473693,139.998283,18,
082333,242,錧,ss,hΐ,,,36.475864,139.995931,13.4,
082333,243,錧,ss,hΐ,,,36.475380,139.991471,7.4,
082333,244,錧,ss,hΐ,,,36.475074,139.991037,40,
082333,245,錧,ss,hΐ,,,36.477806,139.996491,8.4,
082333,246,錧,ss,hΐ,,,36.478028,139.997479,30.6,
082333,247,錧,ss,hΐ,,,36.479089,140.000582,18.5,
082333,248,錧,ss,hΐ,,,36.481483,139.990349,18.5,
082333,249,錧,ss,hΐ,,,36.483330,140.000657,19.8,
082333,250,錧,ss,hΐ,,,36.485113,139.999073,18,
082333,251,錧,ss,hΐ,,,36.486321,139.999514,23.4,
082333,252,錧,ss,hΐ,,,36.492005,139.996709,18.5,
082333,253,錧,ss,hΐ,,,36.493166,139.995665,31.2,
082333,254,錧,ss,hΐ,,,36.494017,139.994811,17.6,
082333,255,錧,ss,hΐ,,,36.495241,139.993486,18,
082333,256,錧,ss,hΐ,,,36.496547,139.997103,8.6,
082333,257,錧,ss,hΐ,,,36.496448,139.992965,21.2,
082333,258,錧,ss,hΐ,,,36.496751,139.991350,8,
082333,259,錧,ss,hΐ,,,36.498470,139.999216,40,
082333,260,錧,ss,hΐ,,,36.497813,139.992062,22,
082333,261,錧,ss,hΐ,,,36.497717,139.990774,21.1,
082333,262,錧,ss,hΐ,,,36.499387,139.995764,8.6,
082333,263,錧,ss,hΐ,,,36.477174,139.984763,19.2,
082333,264,錧,ss,hΐ,,,36.478915,139.981480,22.1,
082333,265,錧,ss,hΐ,,,36.493499,139.989714,7.6,
082333,266,錧,ss,hΐ,,,36.479790,139.982104,40,
082333,267,錧,ss,hΐ,,,36.480790,139.983621,18,
082333,268,錧,ss,hΐ,,,36.480081,139.981165,18.5,
082333,269,錧,ss,hΐ,,,36.482495,139.988924,8.8,
082333,270,錧,ss,hΐ,,,36.482560,139.987329,25,
082333,271,錧,ss,hΐ,,,36.490490,139.988597,40,
082333,272,錧,ss,hΐ,,,36.495939,139.990102,58.7,
082333,273,錧,ss,hΐ,,,36.469068,139.970135,40,
082333,274,錧,ss,hΐ,,,36.470630,139.976808,18.3,
082333,275,錧,ss,hΐ,,,36.471905,139.977242,10,
082333,276,錧,ss,hΐ,,,36.469267,139.980580,40,
082333,277,錧,ss,hΐ,,,36.502019,139.956295,18,
082333,278,錧,ss,hΐ,,,36.503509,139.960249,18,
082333,279,錧,ss,hΐ,,,36.505398,139.959437,18,
082333,280,錧,ss,hΐ,,,36.484067,139.946012,20,
082333,281,錧,ss,hΐ,,,36.486595,139.947790,20,
082333,282,錧,ss,hΐ,,,36.485947,139.946598,20,
082333,283,錧,ss,hΐ,,,36.487672,139.950694,20,
082333,284,錧,ss,hΐ,,,36.493511,139.949981,40,
082333,285,錧,ss,hΐ,,,36.496100,139.954832,18,
082333,286,錧,ss,hΐ,,,36.497002,139.951547,18,
082333,287,錧,ss,hΐ,,,36.499676,139.951702,40,
082333,288,錧,ss,hΐ,,,36.498973,139.946917,10,
082333,289,錧,ss,hΐ,,,36.499249,139.945032,18,
082333,290,錧,ss,hΐ,,,36.505065,139.956033,10,
082333,291,錧,ss,hΐ,,,36.504555,139.948566,17,
082333,292,錧,ss,hΐ,,,36.477299,139.935834,47,
082333,293,錧,ss,hΐ,,,36.482715,139.940261,40,
082333,294,錧,ss,hΐ,,,36.483686,139.938908,23,
082333,295,錧,ss,hΐ,,,36.482802,139.937867,40,
082333,296,錧,ss,hΐ,,,36.485072,139.943104,40,
082333,297,錧,ss,hΐ,,,36.490306,139.936781,40,
082333,298,錧,ss,hΐ,,,36.493774,139.943258,18,
082333,299,錧,ss,hΐ,,,36.504958,139.942130,18,
082333,300,錧,ss,hΐ,,,36.483101,139.931789,18,
082333,301,錧,ss,hΐ,,,36.483908,139.928642,40,
082333,302,錧,ss,hΐ,,,36.491473,139.931018,22,
082333,303,錧,ss,hΐ,,,36.494126,139.931788,10,
082333,304,錧,ss,hΐ,,,36.483780,139.922015,40,
082333,305,錧,ss,hΐ,,,36.482256,139.940587,40,
082333,306,錧,ss,hΐ,,,36.503761,139.954544,8,
082333,307,錧,ss,hΐ,,,36.436356,140.018809,18.8,
082333,308,錧,ss,hΐ,,,36.438776,140.016475,9,
082333,309,錧,ss,hΐ,,,36.438082,140.014434,19.2,
082333,310,錧,ss,hΐ,,,36.440110,140.013554,18.4,
082333,311,錧,ss,hΐ,,,36.440977,140.012091,40,
082333,312,錧,ss,hΐ,,,36.443905,140.015777,19.7,
082333,313,錧,ss,hΐ,,,36.445012,140.021416,19.6,
082333,314,錧,ss,hΐ,,,36.444995,140.015003,9.7,
082333,315,錧,ss,hΐ,,,36.445603,140.014254,9,
082333,316,錧,ss,hΐ,,,36.448115,140.021554,45.5,
082333,317,錧,ss,hΐ,,,36.456869,140.022273,16.2,
082333,318,錧,ss,hΐ,,,36.455541,140.012772,11.7,
082333,319,錧,ss,hΐ,,,36.455966,140.013200,16.6,
082333,320,錧,ss,hΐ,,,36.446232,140.007419,18,
082333,321,錧,ss,hΐ,,,36.449797,140.005300,11.7,
082333,322,錧,ss,hΐ,,,36.450453,140.007119,13.5,
082333,323,錧,ss,hΐ,,,36.451830,140.006974,9,
082333,324,錧,ss,hΐ,,,36.454598,140.009969,16.6,
082333,325,錧,ss,hΐ,,,36.454286,140.009986,47,
082333,326,錧,ss,hΐ,,,36.455798,140.006899,17,
082333,327,錧,ss,hΐ,,,36.462948,140.004281,22,
082333,328,錧,ss,hΐ,,,36.454259,139.992734,18.2,
082333,329,錧,ss,hΐ,,,36.455871,139.991109,9,
082333,330,錧,ss,hΐ,,,36.456468,139.989631,16,
082333,331,錧,ss,hΐ,,,36.461916,139.990772,8.2,
082333,332,錧,ss,hΐ,,,36.462416,139.991204,10,
082333,333,錧,ss,hΐ,,,36.467082,139.999508,8.6,
082333,334,錧,ss,hΐ,,,36.458748,139.987653,17,
082333,335,錧,ss,hΐ,,,36.462164,139.982124,13.5,
082333,336,錧,ss,hΐ,,,36.464024,139.979282,8.5,
082333,337,錧,ss,hΐ,,,36.461475,139.962734,19.5,
082333,338,錧,ss,hΐ,,,36.463166,139.966850,40,
082333,339,錧,ss,hΐ,,,36.462623,139.963104,18,
082333,340,錧,ss,hΐ,,,36.463367,139.964461,40,
082333,341,錧,ss,hΐ,,,36.463605,139.964938,10,
082333,342,錧,ss,hΐ,,,36.463164,139.960996,16.7,
082333,343,錧,ss,hΐ,,,36.468182,139.963677,16,
082333,344,錧,ss,hΐ,,,36.470046,139.961948,40,
082333,345,錧,ss,hΐ,,,36.458846,139.995072,40,
082333,346,錧,ss,hΐ,,,36.465426,139.963927,40,
082333,347,錧,ss,hΐ,,,36.464912,139.982362,40,
082333,348,錧,ss,hΐ,,,36.536967,139.897074,10,
082333,349,錧,ss,hΐ,,,36.523836,139.891815,20,
082333,350,錧,ss,hΐ,,,36.526587,139.892656,20,
082333,351,錧,ss,hΐ,,,36.528383,139.883927,40,
082333,352,錧,ss,hΐ,,,36.533192,139.886295,20,
082333,353,錧,ss,hΐ,,,36.521364,139.880539,20,
082333,354,錧,ss,hΐ,,,36.527536,139.879921,20,
082333,355,錧,ss,hΐ,,,36.529658,139.880174,20,
082333,356,錧,ss,hΐ,,,36.529735,139.878277,20,
082333,357,錧,ss,hΐ,,,36.534116,139.890012,40,
082333,358,錧,ss,hΐ,,,36.531498,139.891092,20,
082333,359,錧,ss,hΐ,,,36.527325,139.886779,20,
082333,360,錧,ss,hΐ,,,36.521727,139.872788,40,
082333,361,錧,ss,hΐ,,,36.519795,139.873184,20,
082333,362,錧,ss,hΐ,,,36.510761,139.864443,20,
082333,363,錧,ss,hΐ,,,36.512968,139.865492,20,
082333,364,錧,ss,hΐ,,,36.513873,139.864403,20,
082333,365,錧,ss,hΐ,,,36.517696,139.870946,20,
082333,366,錧,ss,hΐ,,,36.515064,139.861367,20,
082333,367,錧,ss,hΐ,,,36.521175,139.871440,10,
082333,368,錧,ss,hΐ,,,36.522256,139.872274,20,
082333,369,錧,ss,hΐ,,,36.512582,139.860159,20,
082333,370,錧,ss,hΐ,,,36.516172,139.858954,20,
082333,371,錧,ss,hΐ,,,36.517740,139.860600,40,
082333,372,錧,ss,hΐ,,,36.534167,139.878284,20,
082333,373,錧,ss,hΐ,,,36.536969,139.874298,40,
082333,374,錧,ss,hΐ,,,36.535683,139.865959,40,
082333,375,錧,ss,hΐ,,,36.535793,139.866709,40,
082333,376,錧,ss,hΐ,,,36.538950,139.865093,40,
082333,377,錧,ss,hΐ,,,36.542152,139.868560,20,
082333,378,錧,ss,hΐ,,,36.541524,139.867463,20,
082333,379,錧,ss,hΐ,,,36.546397,139.864646,20,
082333,380,錧,ss,hΐ,,,36.543062,139.861227,20,
082333,381,錧,ss,hΐ,,,36.521207,139.871252,10,
082333,382,錧,ss,hΐ,,,36.530975,139.863687,40,
082333,383,錧,ss,hΐ,,,36.535507,139.864436,40,
082333,384,錧,ss,hΐ,,,36.525897,139.850998,60,
082333,385,錧,ss,hΐ,,,36.526034,139.855235,40,
082333,386,錧,ss,hΐ,,,36.527175,139.853383,20,
082333,387,錧,ss,hΐ,,,36.538103,139.860431,20,
082333,388,錧,ss,hΐ,,,36.520283,139.833663,40,
082333,389,錧,ss,hΐ,,,36.520114,139.845428,20,
082333,390,錧,ss,hΐ,,,36.521365,139.846199,10,
082333,391,錧,ss,hΐ,,,36.520674,139.842400,40,
082333,392,錧,ss,hΐ,,,36.520900,139.840738,20,
082333,393,錧,ss,hΐ,,,36.521006,139.839927,40,
082333,394,錧,ss,hΐ,,,36.522545,139.848044,20,
082333,395,錧,ss,hΐ,,,36.523183,139.843921,10,
082333,396,錧,ss,hΐ,,,36.524823,139.848234,20,
082333,397,錧,ss,hΐ,,,36.525222,139.847401,20,
082333,398,錧,ss,hΐ,,,36.526989,139.849415,20,
082333,399,錧,ss,hΐ,,,36.528255,139.850122,20,
082333,400,錧,ss,hΐ,,,36.526995,139.869585,40,
082333,401,錧,ss,hΐ,,,36.519805,139.868116,10,
082333,402,錧,ss,hΐ,,,36.521842,139.869712,40,
082333,403,錧,ss,hΐ,,,36.521316,139.869385,10,
082333,404,錧,ss,hΐ,,,36.521244,139.863753,20,
082333,405,錧,ss,hΐ,,,36.524841,139.868897,20,
082333,406,錧,ss,hΐ,,,36.527570,139.869645,20,
082333,407,錧,ss,hΐ,,,36.517428,139.855593,20,
082333,408,錧,ss,hΐ,,,36.519123,139.852654,10,
082333,409,錧,ss,hΐ,,,36.519098,139.850421,20,
082333,410,錧,ss,hΐ,,,36.520700,139.857736,20,
082333,411,錧,ss,hΐ,,,36.520968,139.856411,20,
082333,412,錧,ss,hΐ,,,36.521978,139.861056,20,
082333,413,錧,ss,hΐ,,,36.528975,139.870554,10,
082333,414,錧,ss,hΐ,,,36.525274,139.868874,40,
082333,415,錧,ss,hΐ,,,36.511563,139.895023,40,
082333,416,錧,ss,hΐ,,,36.520200,139.904077,20,
082333,417,錧,ss,hΐ,,,36.524953,139.900865,20,
082333,418,錧,ss,hΐ,,,36.506938,139.884796,20,
082333,419,錧,ss,hΐ,,,36.508055,139.885739,20,
082333,420,錧,ss,hΐ,,,36.512230,139.893524,40,
082333,421,錧,ss,hΐ,,,36.511250,139.888955,10,
082333,422,錧,ss,hΐ,,,36.512225,139.888159,20,
082333,423,錧,ss,hΐ,,,36.513016,139.891705,10,
082333,424,錧,ss,hΐ,,,36.507771,139.880998,40,
082333,425,錧,ss,hΐ,,,36.517387,139.891861,20,
082333,426,錧,ss,hΐ,,,36.514696,139.884411,20,
082333,427,錧,ss,hΐ,,,36.506831,139.872673,40,
082333,428,錧,ss,hΐ,,,36.508603,139.879525,20,
082333,429,錧,ss,hΐ,,,36.511399,139.869434,20,
082333,430,錧,ss,hΐ,,,36.499131,139.890492,40,
082333,431,錧,ss,hΐ,,,36.503428,139.901234,40,
082333,432,錧,ss,hΐ,,,36.504674,139.899520,20,
082333,433,錧,ss,hΐ,,,36.506815,139.899759,20,
082333,434,錧,ss,hΐ,,,36.506459,139.897481,20,
082333,435,錧,ss,hΐ,,,36.508969,139.899981,20,
082333,436,錧,ss,hΐ,,,36.504227,139.893127,10,
082333,437,錧,ss,hΐ,,,36.520475,139.904273,20,
082333,438,錧,ss,hΐ,,,36.550535,139.854872,20,
082333,439,錧,ss,hΐ,,,36.553114,139.855142,20,
082333,440,錧,ss,hΐ,,,36.556081,139.855189,40,
082333,441,錧,ss,hΐ,,,36.558956,139.852688,40,
082333,442,錧,ss,hΐ,,,36.558392,139.850771,20,
082333,443,錧,ss,hΐ,,,36.559892,139.854771,40,
082333,444,錧,ss,hΐ,,,36.560483,139.854321,40,
082333,445,錧,ss,hΐ,,,36.551451,139.849493,40,
082333,446,錧,ss,hΐ,,,36.552147,139.843962,40,
082333,447,錧,ss,hΐ,,,36.553355,139.847309,40,
082333,448,錧,ss,hΐ,,,36.556038,139.848810,40,
082333,449,錧,ss,hΐ,,,36.556949,139.842929,20,
082333,450,錧,ss,hΐ,,,36.556951,139.842737,40,
082333,451,錧,ss,hΐ,,,36.557174,139.848197,40,
082333,452,錧,ss,hΐ,,,36.558991,139.847299,40,
082333,453,錧,ss,hΐ,,,36.561004,139.849664,20,
082333,454,錧,ss,hΐ,,,36.562672,139.844095,20,
082333,455,錧,ss,hΐ,,,36.565245,139.845912,40,
082333,456,錧,ss,hΐ,,,36.551000,139.837412,40,
082333,457,錧,ss,hΐ,,,36.551097,139.833660,40,
082333,458,錧,ss,hΐ,,,36.553047,139.837646,40,
082333,459,錧,ss,hΐ,,,36.560829,139.838209,20,
082333,460,錧,ss,hΐ,,,36.568134,139.842516,10,
082333,461,錧,ss,hΐ,,,36.573249,139.840996,20,
082333,462,錧,ss,hΐ,,,36.573657,139.842952,20,
082333,463,錧,ss,hΐ,,,36.568309,139.849142,40,
082333,464,錧,ss,hΐ,,,36.571152,139.848891,20,
082333,465,錧,ss,hΐ,,,36.576489,139.839516,40,
082333,466,錧,ss,hΐ,,,36.569557,139.829083,20,
082333,467,錧,ss,hΐ,,,36.572875,139.831637,40,
082333,468,錧,ss,hΐ,,,36.577262,139.837607,40,
082333,469,錧,ss,hΐ,,,36.574317,139.826853,20,
082333,470,錧,ss,hΐ,,,36.574334,139.824809,40,
082333,471,錧,ss,hΐ,,,36.574927,139.840541,20,
082333,472,錧,ss,hΐ,,,36.565402,139.857224,20,
082333,473,錧,ss,hΐ,,,36.567898,139.860619,20,
082333,474,錧,ss,hΐ,,,36.569479,139.856319,20,
082333,475,錧,ss,hΐ,,,36.571444,139.857320,40,
082333,476,錧,ss,hΐ,,,36.571038,139.854774,20,
082333,477,錧,ss,hΐ,,,36.572598,139.854152,20,
082333,478,錧,ss,hΐ,,,36.574101,139.854003,20,
082333,479,錧,ss,hΐ,,,36.570940,139.863805,40,
082333,480,錧,ss,hΐ,,,36.572683,139.866668,20,
082333,481,錧,ss,hΐ,,,36.572606,139.862209,40,
082333,482,錧,ss,hΐ,,,36.574562,139.862022,40,
082333,483,錧,ss,hΐ,,,36.574297,139.858276,20,
082333,484,錧,ss,hΐ,,,36.554651,139.876257,20,
082333,485,錧,ss,hΐ,,,36.557541,139.872800,20,
082333,486,錧,ss,hΐ,,,36.551058,139.866296,20,
082333,487,錧,ss,hΐ,,,36.552633,139.865695,20,
082333,488,錧,ss,hΐ,,,36.554543,139.868940,40,
082333,489,錧,ss,hΐ,,,36.556903,139.871270,20,
082333,490,錧,ss,hΐ,,,36.559006,139.869275,20,
082333,491,錧,ss,hΐ,,,36.544283,139.857321,40,
082333,492,錧,ss,hΐ,,,36.546982,139.856052,40,
082333,493,錧,ss,hΐ,,,36.546371,139.854258,20,
082333,494,錧,ss,hΐ,,,36.548366,139.860927,20,
082333,495,錧,ss,hΐ,,,36.550844,139.891186,40,
082333,496,錧,ss,hΐ,,,36.542209,139.882981,40,
082333,497,錧,ss,hΐ,,,36.545832,139.882293,40,
082333,498,錧,ss,hΐ,,,36.551088,139.879797,10,
082333,499,錧,ss,hΐ,,,36.546996,139.870877,10,
082333,500,錧,ss,hΐ,,,36.569129,139.890614,20,
082333,501,錧,ss,hΐ,,,36.570224,139.890649,20,
082333,502,錧,ss,hΐ,,,36.576536,139.885033,10,
082333,503,錧,ss,hΐ,,,36.576565,139.884175,10,
082333,504,錧,ss,hΐ,,,36.585010,139.883889,20,
082333,505,錧,ss,hΐ,,,36.582851,139.883959,10,
082333,506,錧,ss,hΐ,,,36.576620,139.882779,10,
082333,507,錧,ss,hΐ,,,36.587765,139.887689,40,
082333,508,錧,ss,hΐ,,,36.585477,139.890103,40,
082333,509,錧,ss,hΐ,,,36.584115,139.889592,40,
082333,510,錧,ss,hΐ,,,36.576529,139.892257,10,
082333,511,錧,ss,hΐ,,,36.556539,139.886869,40,
082333,512,錧,ss,hΐ,,,36.557758,139.890408,40,
082333,513,錧,ss,hΐ,,,36.552781,139.884789,40,
082333,514,錧,ss,hΐ,,,36.568584,139.873272,17,
082333,515,錧,ss,hΐ,,,36.567966,139.871047,40,
082333,516,錧,ss,hΐ,,,36.568851,139.874382,20,
082333,517,錧,ss,hΐ,,,36.567588,139.881031,40,
082333,518,錧,ss,hΐ,,,36.579265,139.850727,20,
082333,519,錧,ss,hΐ,,,36.582831,139.852462,20,
082333,520,錧,ss,hΐ,,,36.584359,139.853897,40,
082333,521,錧,ss,hΐ,,,36.585748,139.856572,10,
082333,522,錧,ss,hΐ,,,36.587929,139.858539,10,
082333,523,錧,ss,hΐ,,,36.588220,139.865470,20,
082333,524,錧,ss,hΐ,,,36.588488,139.863043,40,
082333,525,錧,ss,hΐ,,,36.589494,139.867489,20,
082333,526,錧,ss,hΐ,,,36.526119,139.820438,20,
082333,527,錧,ss,hΐ,,,36.526544,139.819072,20,
082333,528,錧,ss,hΐ,,,36.527008,139.817711,20,
082333,529,錧,ss,hΐ,,,36.528098,139.821779,20,
082333,530,錧,ss,hΐ,,,36.528485,139.819172,40,
082333,531,錧,ss,hΐ,,,36.529639,139.817636,,
082333,532,錧,ss,hΐ,,,36.530005,139.815976,20,
082333,533,錧,ss,hΐ,,,36.534582,139.816801,20,
082333,534,錧,ss,hΐ,,,36.534332,139.815554,20,
082333,535,錧,ss,hΐ,,,36.534576,139.815148,60,
082333,536,錧,ss,hΐ,,,36.536541,139.815041,40,
082333,537,錧,ss,hΐ,,,36.537172,139.816346,40,
082333,538,錧,ss,hΐ,,,36.539762,139.816038,40,
082333,539,錧,ss,hΐ,,,36.542407,139.816700,40,
082333,540,錧,ss,hΐ,,,36.537740,139.814244,40,
082333,541,錧,ss,hΐ,,,36.538054,139.813757,20,
082333,542,錧,ss,hΐ,,,36.538725,139.813043,20,
082333,543,錧,ss,hΐ,,,36.539078,139.812869,40,
082333,544,錧,ss,hΐ,,,36.538790,139.811393,10,
082333,545,錧,ss,hΐ,,,36.539762,139.814219,,
082333,546,錧,ss,hΐ,,,36.540118,139.811709,10,
082333,547,錧,ss,hΐ,,,36.537679,139.812393,20,
082333,548,錧,ss,hΐ,,,36.543891,139.854891,20,
082333,549,錧,ss,hΐ,,,36.545625,139.850528,10,
082333,550,錧,ss,hΐ,,,36.541050,139.846257,40,
082333,551,錧,ss,hΐ,,,36.545602,139.847751,40,
082333,552,錧,ss,hΐ,,,36.545757,139.847042,20,
082333,553,錧,ss,hΐ,,,36.545929,139.841510,20,
082333,554,錧,ss,hΐ,,,36.547114,139.845568,20,
082333,555,錧,ss,hΐ,,,36.540493,139.832519,40,
082333,556,錧,ss,hΐ,,,36.541332,139.834222,40,
082333,557,錧,ss,hΐ,,,36.542034,139.833099,40,
082333,558,錧,ss,hΐ,,,36.532831,139.821437,40,
082333,559,錧,ss,hΐ,,,36.535069,139.819823,60,
082333,560,錧,ss,hΐ,,,36.536126,139.819588,100,
082333,561,錧,ss,hΐ,,,36.536208,139.817774,20,
082333,562,錧,ss,hΐ,,,36.528348,139.813459,40,
082333,563,錧,ss,hΐ,,,36.523332,139.824933,10,
082333,564,錧,ss,hΐ,,,36.523667,139.823626,20,
082333,565,錧,ss,hΐ,,,36.524376,139.822836,20,
082333,566,錧,ss,hΐ,,,36.524833,139.821662,40,
082333,567,錧,ss,hΐ,,,36.544135,139.814982,20,
082333,568,錧,ss,hΐ,,,36.540247,139.810069,10,
082333,569,錧,ss,hΐ,,,36.541587,139.808576,60,
082333,570,錧,ss,hΐ,,,36.542420,139.806020,60,
082333,571,錧,ss,hΐ,,,36.548725,139.807207,60,
082333,572,錧,ss,hΐ,,,36.546010,139.803321,40,
082333,573,錧,ss,hΐ,,,36.548833,139.804851,10,
082333,574,錧,ss,hΐ,,,36.531702,139.817321,40,
082333,575,錧,ss,hΐ,,,36.533294,139.816999,40,
082333,576,錧,ss,hΐ,,,36.530723,139.815610,40,
082333,577,錧,ss,hΐ,,,36.531472,139.814500,40,
082333,578,錧,ss,hΐ,,,36.532138,139.816263,60,
082333,579,錧,ss,hΐ,,,36.533211,139.814387,40,
082333,580,錧,ss,hΐ,,,36.533401,139.816199,20,
082333,581,錧,ss,hΐ,,,36.551143,139.945081,40,
082333,582,錧,ss,hΐ,,,36.523470,139.864906,60,
082333,583,錧,ss,hΐ,,,36.527544,139.901263,40,
082333,584,錧,ss,hΐ,,,36.544507,139.944556,60,
082333,585,錧,ss,hΐ,,,36.484699,139.949242,40,
082333,586,錧,ss,hΐ,,,36.481583,139.962705,60,
082333,587,錧,ss,hΐ,,,36.476426,140.004245,40,
082333,588,錧,ss,ΐ,,,36.542747,139.933387,75,
082333,589,錧,ss,ΐ,,,36.545985,139.931984,75,
082333,590,錧,ss,ΐ,,,36.548563,139.933961,75,
082333,591,錧,ss,ΐ,,,36.558494,139.947615,100,
082333,592,錧,ss,ΐ,,,36.560814,139.946153,100,
082333,593,錧,ss,ΐ,,,36.560888,139.939635,75,
082333,594,錧,ss,ΐ,,,36.561696,139.936093,75,
082333,595,錧,ss,ΐ,,,36.570390,139.939371,100,
082333,596,錧,ss,ΐ,,,36.570811,139.937311,100,
082333,597,錧,ss,ΐ,,,36.571399,139.931062,75,
082333,598,錧,ss,ΐ,,,36.572312,139.928884,100,
082333,599,錧,ss,ΐ,,,36.572168,139.925391,100,
082333,600,錧,ss,ΐ,,,36.569681,139.924753,100,
082333,601,錧,ss,ΐ,,,36.568104,139.925451,150,
082333,602,錧,ss,ΐ,,,36.568341,139.923969,75,
082333,603,錧,ss,ΐ,,,36.567336,139.923959,150,
082333,604,錧,ss,ΐ,,,36.566801,139.923229,100,
082333,605,錧,ss,ΐ,,,36.565571,139.922668,150,
082333,606,錧,ss,ΐ,,,36.564330,139.922443,150,
082333,607,錧,ss,ΐ,,,36.562991,139.924664,75,
082333,608,錧,ss,ΐ,,,36.563082,139.922096,150,
082333,609,錧,ss,ΐ,,,36.563042,139.920473,150,
082333,610,錧,ss,ΐ,,,36.561523,139.922748,100,
082333,611,錧,ss,ΐ,,,36.560102,139.921975,75,
082333,612,錧,ss,ΐ,,,36.558105,139.921731,100,
082333,613,錧,ss,ΐ,,,36.552238,139.922555,75,
082333,614,錧,ss,ΐ,,,36.558797,139.929124,75,
082333,615,錧,ss,ΐ,,,36.549026,139.917494,75,
082333,616,錧,ss,ΐ,,,36.549216,139.915296,75,
082333,617,錧,ss,ΐ,,,36.551965,139.913112,100,
082333,618,錧,ss,ΐ,,,36.554633,139.910346,75,
082333,619,錧,ss,ΐ,,,36.550484,139.912067,75,
082333,620,錧,ss,ΐ,,,36.548184,139.908056,75,
082333,621,錧,ss,ΐ,,,36.547004,139.899917,75,
082333,622,錧,ss,ΐ,,,36.554052,139.913933,75,
082333,623,錧,ss,ΐ,,,36.550017,139.906032,150,
082333,624,錧,ss,ΐ,,,36.554362,139.903509,150,
082333,625,錧,ss,ΐ,,,36.557478,139.914385,100,
082333,626,錧,ss,ΐ,,,36.559345,139.903045,150,
082333,627,錧,ss,ΐ,,,36.560898,139.906411,150,
082333,628,錧,ss,ΐ,,,36.563280,139.908073,150,
082333,629,錧,ss,ΐ,,,36.560679,139.908878,150,
082333,630,錧,ss,ΐ,,,36.559457,139.909414,150,
082333,631,錧,ss,ΐ,,,36.561664,139.912281,75,
082333,632,錧,ss,ΐ,,,36.561968,139.916254,100,
082333,633,錧,ss,ΐ,,,36.562497,139.917424,100,
082333,634,錧,ss,ΐ,,,36.563207,139.915650,75,
082333,635,錧,ss,ΐ,,,36.564775,139.914595,150,
082333,636,錧,ss,ΐ,,,36.567689,139.912347,75,
082333,637,錧,ss,ΐ,,,36.567362,139.906727,150,
082333,638,錧,ss,ΐ,,,36.559616,139.907664,75,
082333,639,錧,ss,ΐ,,,36.570925,139.909820,75,
082333,640,錧,ss,ΐ,,,36.574534,139.905888,100,
082333,641,錧,ss,ΐ,,,36.574277,139.901573,75,
082333,642,錧,ss,ΐ,,,36.577723,139.902215,75,
082333,643,錧,ss,ΐ,,,36.579948,139.903741,75,
082333,644,錧,ss,ΐ,,,36.578048,139.906076,75,
082333,645,錧,ss,ΐ,,,36.576526,139.907667,75,
082333,646,錧,ss,ΐ,,,36.547805,139.939703,100,
082333,647,錧,ss,ΐ,,,36.502836,139.989863,75,
082333,648,錧,ss,ΐ,,,36.499720,139.986195,75,
082333,649,錧,ss,ΐ,,,36.506967,139.987948,100,
082333,650,錧,ss,ΐ,,,36.502295,139.982364,75,
082333,651,錧,ss,ΐ,,,36.505324,139.979830,100,
082333,652,錧,ss,ΐ,,,36.501687,139.976926,75,
082333,653,錧,ss,ΐ,,,36.505911,139.974042,75,
082333,654,錧,ss,ΐ,,,36.508388,139.973273,100,
082333,655,錧,ss,ΐ,,,36.513036,139.981158,75,
082333,656,錧,ss,ΐ,,,36.516380,139.980052,100,
082333,657,錧,ss,ΐ,,,36.518513,139.984219,75,
082333,658,錧,ss,ΐ,,,36.522964,139.984506,75,
082333,659,錧,ss,ΐ,,,36.521497,139.983049,100,
082333,660,錧,ss,ΐ,,,36.520509,139.978772,100,
082333,661,錧,ss,ΐ,,,36.519804,139.975755,100,
082333,662,錧,ss,ΐ,,,36.516275,139.971567,75,
082333,663,錧,ss,ΐ,,,36.512829,139.970943,100,
082333,664,錧,ss,ΐ,,,36.509481,139.970415,100,
082333,665,錧,ss,ΐ,,,36.507557,139.963982,100,
082333,666,錧,ss,ΐ,,,36.510214,139.961634,75,
082333,667,錧,ss,ΐ,,,36.508655,139.958356,100,
082333,668,錧,ss,ΐ,,,36.511757,139.954521,150,
082333,669,錧,ss,ΐ,,,36.514044,139.957040,75,
082333,670,錧,ss,ΐ,,,36.520143,139.963809,100,
082333,671,錧,ss,ΐ,,,36.517284,139.967872,100,
082333,672,錧,ss,ΐ,,,36.518786,139.970653,100,
082333,673,錧,ss,ΐ,,,36.526141,139.975198,75,
082333,674,錧,ss,ΐ,,,36.526262,139.966970,75,
082333,675,錧,ss,ΐ,,,36.521664,139.964606,150,
082333,676,錧,ss,ΐ,,,36.524701,139.963179,150,
082333,677,錧,ss,ΐ,,,36.522165,139.957267,75,
082333,678,錧,ss,ΐ,,,36.519847,139.957351,100,
082333,679,錧,ss,ΐ,,,36.519212,139.952228,100,
082333,680,錧,ss,ΐ,,,36.525647,139.955451,75,
082333,681,錧,ss,ΐ,,,36.528863,139.961021,150,
082333,682,錧,ss,ΐ,,,36.523300,139.946478,250,
082333,683,錧,ss,ΐ,,,36.525830,139.947251,250,
082333,684,錧,ss,ΐ,,,36.515836,139.949380,150,
082333,685,錧,ss,ΐ,,,36.519567,139.947699,75,
082333,686,錧,ss,ΐ,,,36.528713,139.946100,100,
082333,687,錧,ss,ΐ,,,36.528099,139.954276,300,
082333,688,錧,ss,ΐ,,,36.530822,139.958325,150,
082333,689,錧,ss,ΐ,,,36.532396,139.956642,300,
082333,690,錧,ss,ΐ,,,36.535496,139.961647,75,
082333,691,錧,ss,ΐ,,,36.531734,139.964318,75,
082333,692,錧,ss,ΐ,,,36.530568,139.977885,100,
082333,693,錧,ss,ΐ,,,36.526914,139.980079,75,
082333,694,錧,ss,ΐ,,,36.523593,139.977503,100,
082333,695,錧,ss,ΐ,,,36.529391,139.986274,100,
082333,696,錧,ss,ΐ,,,36.525781,139.983886,75,
082333,697,錧,ss,ΐ,,,36.532040,139.961096,75,
082333,698,錧,ss,ΐ,,,36.535268,139.956871,200,
082333,699,錧,ss,ΐ,,,36.536524,139.973264,100,
082333,700,錧,ss,ΐ,,,36.541445,139.953229,150,
082333,701,錧,ss,ΐ,,,36.540372,139.954273,200,
082333,702,錧,ss,ΐ,,,36.537806,139.955679,200,
082333,703,錧,ss,ΐ,,,36.532634,139.942474,100,
082333,704,錧,ss,ΐ,,,36.535003,139.940255,100,
082333,705,錧,ss,ΐ,,,36.543031,139.952423,150,
082333,706,錧,ss,ΐ,,,36.535337,139.942628,150,
082333,707,錧,ss,ΐ,,,36.535115,139.946932,150,
082333,708,錧,ss,ΐ,,,36.534220,139.981633,75,
082333,709,錧,ss,ΐ,,,36.541246,139.984945,75,
082333,710,錧,ss,ΐ,,,36.548862,139.995898,100,
082333,711,錧,ss,ΐ,,,36.546760,139.985804,150,
082333,712,錧,ss,ΐ,,,36.548807,139.986140,75,
082333,713,錧,ss,ΐ,,,36.548740,139.983447,75,
082333,714,錧,ss,ΐ,,,36.544188,139.973552,150,
082333,715,錧,ss,ΐ,,,36.562978,139.959405,100,
082333,716,錧,ss,ΐ,,,36.549701,139.975130,100,
082333,717,錧,ss,ΐ,,,36.556796,139.980727,100,
082333,718,錧,ss,ΐ,,,36.559555,139.977938,100,
082333,719,錧,ss,ΐ,,,36.560480,139.976666,100,
082333,720,錧,ss,ΐ,,,36.561111,139.973812,100,
082333,721,錧,ss,ΐ,,,36.561109,139.971026,100,
082333,722,錧,ss,ΐ,,,36.560268,139.968689,100,
082333,723,錧,ss,ΐ,,,36.561201,139.962397,100,
082333,724,錧,ss,ΐ,,,36.564992,139.959229,100,
082333,725,錧,ss,ΐ,,,36.564262,139.957022,100,
082333,726,錧,ss,ΐ,,,36.560469,139.952835,100,
082333,727,錧,ss,ΐ,,,36.559522,139.962447,75,
082333,728,錧,ss,ΐ,,,36.557949,139.965554,100,
082333,729,錧,ss,ΐ,,,36.558665,139.961087,100,
082333,730,錧,ss,ΐ,,,36.554505,139.961299,100,
082333,731,錧,ss,ΐ,,,36.551291,139.964917,100,
082333,732,錧,ss,ΐ,,,36.554877,139.960112,150,
082333,733,錧,ss,ΐ,,,36.555566,139.957029,150,
082333,734,錧,ss,ΐ,,,36.557895,139.955495,75,
082333,735,錧,ss,ΐ,,,36.554790,139.954064,150,
082333,736,錧,ss,ΐ,,,36.555782,139.953796,100,
082333,737,錧,ss,ΐ,,,36.558683,139.953751,100,
082333,738,錧,ss,ΐ,,,36.557380,139.949900,150,
082333,739,錧,ss,ΐ,,,36.556815,139.949013,75,
082333,740,錧,ss,ΐ,,,36.548296,139.951647,75,
082333,741,錧,ss,ΐ,,,36.545517,139.951503,150,
082333,742,錧,ss,ΐ,,,36.546475,139.970064,200,
082333,743,錧,ss,ΐ,,,36.541965,139.963181,200,
082333,744,錧,ss,ΐ,,,36.541167,139.957738,200,
082333,745,錧,ss,ΐ,,,36.509679,139.953375,75,
082333,746,錧,ss,ΐ,,,36.507582,139.950724,75,
082333,747,錧,ss,ΐ,,,36.506899,139.945269,75,
082333,748,錧,ss,ΐ,,,36.507578,139.939042,75,
082333,749,錧,ss,ΐ,,,36.512222,139.947505,100,
082333,750,錧,ss,ΐ,,,36.513649,139.945243,75,
082333,751,錧,ss,ΐ,,,36.517434,139.944105,100,
082333,752,錧,ss,ΐ,,,36.518777,139.939874,100,
082333,753,錧,ss,ΐ,,,36.515147,139.937351,100,
082333,754,錧,ss,ΐ,,,36.514214,139.931171,100,
082333,755,錧,ss,ΐ,,,36.513981,139.927205,75,
082333,756,錧,ss,ΐ,,,36.516099,139.926553,75,
082333,757,錧,ss,ΐ,,,36.518577,139.929284,75,
082333,758,錧,ss,ΐ,,,36.521021,139.931377,75,
082333,759,錧,ss,ΐ,,,36.522834,139.937568,75,
082333,760,錧,ss,ΐ,,,36.526887,139.945932,100,
082333,761,錧,ss,ΐ,,,36.516604,139.940149,75,
082333,762,錧,ss,ΐ,,,36.514232,139.941479,75,
082333,763,錧,ss,ΐ,,,36.507040,139.949188,75,
082333,764,錧,ss,ΐ,,,36.508864,139.952790,75,
082333,765,錧,ss,ΐ,,,36.529619,139.937907,75,
082333,766,錧,ss,ΐ,,,36.525778,139.938901,100,
082333,767,錧,ss,ΐ,,,36.525136,139.933990,100,
082333,768,錧,ss,ΐ,,,36.525329,139.930913,100,
082333,769,錧,ss,ΐ,,,36.522010,139.925898,75,
082333,770,錧,ss,ΐ,,,36.514614,139.918449,100,
082333,771,錧,ss,ΐ,,,36.515975,139.910750,100,
082333,772,錧,ss,ΐ,,,36.517044,139.914056,75,
082333,773,錧,ss,ΐ,,,36.520117,139.916553,100,
082333,774,錧,ss,ΐ,,,36.523883,139.920091,100,
082333,775,錧,ss,ΐ,,,36.524969,139.909959,75,
082333,776,錧,ss,ΐ,,,36.527683,139.905452,75,
082333,777,錧,ss,ΐ,,,36.528971,139.908487,75,
082333,778,錧,ss,ΐ,,,36.531730,139.910872,75,
082333,779,錧,ss,ΐ,,,36.530356,139.916124,75,
082333,780,錧,ss,ΐ,,,36.529333,139.917459,75,
082333,781,錧,ss,ΐ,,,36.527912,139.920716,75,
082333,782,錧,ss,ΐ,,,36.529830,139.924901,75,
082333,783,錧,ss,ΐ,,,36.531216,139.924413,75,
082333,784,錧,ss,ΐ,,,36.530338,139.926114,75,
082333,785,錧,ss,ΐ,,,36.529880,139.927758,100,
082333,786,錧,ss,ΐ,,,36.530860,139.929865,75,
082333,787,錧,ss,ΐ,,,36.532101,139.935063,75,
082333,788,錧,ss,ΐ,,,36.535643,139.937337,100,
082333,789,錧,ss,ΐ,,,36.535614,139.927758,75,
082333,790,錧,ss,ΐ,,,36.539630,139.930367,75,
082333,791,錧,ss,ΐ,,,36.548703,139.921299,100,
082333,792,錧,ss,ΐ,,,36.543787,139.921365,100,
082333,793,錧,ss,ΐ,,,36.543408,139.926086,75,
082333,794,錧,ss,ΐ,,,36.540754,139.925752,75,
082333,795,錧,ss,ΐ,,,36.542072,139.922042,100,
082333,796,錧,ss,ΐ,,,36.539453,139.922940,75,
082333,797,錧,ss,ΐ,,,36.536282,139.923884,100,
082333,798,錧,ss,ΐ,,,36.538249,139.919011,75,
082333,799,錧,ss,ΐ,,,36.542444,139.917663,75,
082333,800,錧,ss,ΐ,,,36.539964,139.916538,100,
082333,801,錧,ss,ΐ,,,36.535936,139.913101,100,
082333,802,錧,ss,ΐ,,,36.539897,139.911395,100,
082333,803,錧,ss,ΐ,,,36.533499,139.907649,75,
082333,804,錧,ss,ΐ,,,36.529486,139.901152,75,
082333,805,錧,ss,ΐ,,,36.533428,139.902677,100,
082333,806,錧,ss,ΐ,,,36.537113,139.900934,100,
082333,807,錧,ss,ΐ,,,36.540342,139.899857,100,
082333,808,錧,ss,ΐ,,,36.537926,139.904234,75,
082333,809,錧,ss,ΐ,,,36.542649,139.906970,100,
082333,810,錧,ss,ΐ,,,36.543160,139.906349,100,
082333,811,錧,ss,ΐ,,,36.537467,139.908864,100,
082333,812,錧,ss,ΐ,,,36.539400,139.936367,100,
082333,813,錧,ss,ΐ,,,36.486253,139.910980,150,
082333,814,錧,ss,ΐ,,,36.495562,139.923158,75,
082333,815,錧,ss,ΐ,,,36.501313,139.929993,100,
082333,816,錧,ss,ΐ,,,36.500897,139.926008,100,
082333,817,錧,ss,ΐ,,,36.507635,139.932460,200,
082333,818,錧,ss,ΐ,,,36.480808,139.913221,75,
082333,819,錧,ss,ΐ,,,36.486160,139.920663,150,
082333,820,錧,ss,ΐ,,,36.486637,139.918321,150,
082333,821,錧,ss,ΐ,,,36.487595,139.920753,75,
082333,822,錧,ss,ΐ,,,36.487221,139.916444,150,
082333,823,錧,ss,ΐ,,,36.488246,139.918777,75,
082333,824,錧,ss,ΐ,,,36.488545,139.913295,150,
082333,825,錧,ss,ΐ,,,36.490275,139.918524,100,
082333,826,錧,ss,ΐ,,,36.489409,139.916387,100,
082333,827,錧,ss,ΐ,,,36.491185,139.921300,75,
082333,828,錧,ss,ΐ,,,36.491269,139.919211,100,
082333,829,錧,ss,ΐ,,,36.491447,139.912261,75,
082333,830,錧,ss,ΐ,,,36.492738,139.920697,100,
082333,831,錧,ss,ΐ,,,36.494587,139.920643,75,
082333,832,錧,ss,ΐ,,,36.493377,139.919525,100,
082333,833,錧,ss,ΐ,,,36.494874,139.912081,100,
082333,834,錧,ss,ΐ,,,36.495534,139.913533,150,
082333,835,錧,ss,ΐ,,,36.511363,139.918883,150,
082333,836,錧,ss,ΐ,,,36.509918,139.914843,75,
082333,837,錧,ss,ΐ,,,36.510252,139.916526,100,
082333,838,錧,ss,ΐ,,,36.511501,139.912688,75,
082333,839,錧,ss,ΐ,,,36.488924,139.911298,150,
082333,840,錧,ss,ΐ,,,36.489944,139.909956,150,
082333,841,錧,ss,ΐ,,,36.490499,139.908571,150,
082333,842,錧,ss,ΐ,,,36.491865,139.907831,75,
082333,843,錧,ss,ΐ,,,36.491595,139.906073,75,
082333,844,錧,ss,ΐ,,,36.492202,139.909406,75,
082333,845,錧,ss,ΐ,,,36.492593,139.908135,150,
082333,846,錧,ss,ΐ,,,36.493184,139.909086,150,
082333,847,錧,ss,ΐ,,,36.492639,139.904861,150,
082333,848,錧,ss,ΐ,,,36.493230,139.905930,75,
082333,849,錧,ss,ΐ,,,36.493894,139.911219,150,
082333,850,錧,ss,ΐ,,,36.494068,139.906831,75,
082333,851,錧,ss,ΐ,,,36.494830,139.905551,100,
082333,852,錧,ss,ΐ,,,36.493714,139.903679,150,
082333,853,錧,ss,ΐ,,,36.495925,139.905642,75,
082333,854,錧,ss,ΐ,,,36.495112,139.903748,75,
082333,855,錧,ss,ΐ,,,36.495056,139.902386,150,
082333,856,錧,ss,ΐ,,,36.496338,139.900908,150,
082333,857,錧,ss,ΐ,,,36.500797,139.900846,75,
082333,858,錧,ss,ΐ,,,36.501861,139.902945,75,
082333,859,錧,ss,ΐ,,,36.507305,139.906066,150,
082333,860,錧,ss,ΐ,,,36.492451,139.896045,75,
082333,861,錧,ss,ΐ,,,36.493399,139.894365,75,
082333,862,錧,ss,ΐ,,,36.494197,139.895311,75,
082333,863,錧,ss,ΐ,,,36.494796,139.893912,75,
082333,864,錧,ss,ΐ,,,36.495095,139.895341,75,
082333,865,錧,ss,ΐ,,,36.494540,139.892509,75,
082333,866,錧,ss,ΐ,,,36.495296,139.894131,75,
082333,867,錧,ss,ΐ,,,36.497536,139.899399,150,
082333,868,錧,ss,ΐ,,,36.499320,139.896985,150,
082333,869,錧,ss,ΐ,,,36.502026,139.896923,75,
082333,870,錧,ss,ΐ,,,36.501795,139.893801,150,
082333,871,錧,ss,ΐ,,,36.492195,139.918752,65,
082333,872,錧,ss,ΐ,,,36.491875,139.911738,75,
082333,873,錧,ss,ΐ,,,36.504592,139.922383,75,
082333,874,錧,ss,ΐ,,,36.493057,139.979678,75,
082333,875,錧,ss,ΐ,,,36.494713,139.987093,75,
082333,876,錧,ss,ΐ,,,36.494336,139.983996,100,
082333,877,錧,ss,ΐ,,,36.494412,139.982474,100,
082333,878,錧,ss,ΐ,,,36.495901,139.986179,100,
082333,879,錧,ss,ΐ,,,36.495610,139.980794,75,
082333,880,錧,ss,ΐ,,,36.496510,139.987823,100,
082333,881,錧,ss,ΐ,,,36.497425,139.987094,100,
082333,882,錧,ss,ΐ,,,36.496631,139.982925,75,
082333,883,錧,ss,ΐ,,,36.498720,139.989360,75,
082333,884,錧,ss,ΐ,,,36.498102,139.984274,75,
082333,885,錧,ss,ΐ,,,36.498729,139.981598,75,
082333,886,錧,ss,ΐ,,,36.498992,139.979816,75,
082333,887,錧,ss,ΐ,,,36.473206,139.968263,100,
082333,888,錧,ss,ΐ,,,36.473914,139.968722,100,
082333,889,錧,ss,ΐ,,,36.474971,139.973386,75,
082333,890,錧,ss,ΐ,,,36.474940,139.971926,75,
082333,891,錧,ss,ΐ,,,36.475263,139.969582,75,
082333,892,錧,ss,ΐ,,,36.475651,139.967810,75,
082333,893,錧,ss,ΐ,,,36.476143,139.969619,75,
082333,894,錧,ss,ΐ,,,36.476238,139.970699,75,
082333,895,錧,ss,ΐ,,,36.476732,139.969017,75,
082333,896,錧,ss,ΐ,,,36.477881,139.970818,150,
082333,897,錧,ss,ΐ,,,36.478967,139.969662,75,
082333,898,錧,ss,ΐ,,,36.478452,139.967193,150,
082333,899,錧,ss,ΐ,,,36.480037,139.969194,100,
082333,900,錧,ss,ΐ,,,36.480251,139.968515,200,
082333,901,錧,ss,ΐ,,,36.482052,139.971898,100,
082333,902,錧,ss,ΐ,,,36.482150,139.970413,200,
082333,903,錧,ss,ΐ,,,36.482874,139.972946,100,
082333,904,錧,ss,ΐ,,,36.483715,139.972335,200,
082333,905,錧,ss,ΐ,,,36.488483,139.974584,200,
082333,906,錧,ss,ΐ,,,36.489257,139.968808,75,
082333,907,錧,ss,ΐ,,,36.490451,139.976029,75,
082333,908,錧,ss,ΐ,,,36.491593,139.972652,75,
082333,909,錧,ss,ΐ,,,36.493179,139.975712,75,
082333,910,錧,ss,ΐ,,,36.494498,139.978438,75,
082333,911,錧,ss,ΐ,,,36.494683,139.971198,75,
082333,912,錧,ss,ΐ,,,36.495313,139.975887,75,
082333,913,錧,ss,ΐ,,,36.497197,139.969360,75,
082333,914,錧,ss,ΐ,,,36.498209,139.976015,75,
082333,915,錧,ss,ΐ,,,36.499595,139.976115,75,
082333,916,錧,ss,ΐ,,,36.500105,139.972332,150,
082333,917,錧,ss,ΐ,,,36.500535,139.968259,75,
082333,918,錧,ss,ΐ,,,36.472100,139.963932,75,
082333,919,錧,ss,ΐ,,,36.472268,139.962476,100,
082333,920,錧,ss,ΐ,,,36.472977,139.966512,100,
082333,921,錧,ss,ΐ,,,36.472825,139.964756,150,
082333,922,錧,ss,ΐ,,,36.472511,139.961837,75,
082333,923,錧,ss,ΐ,,,36.473521,139.967213,75,
082333,924,錧,ss,ΐ,,,36.473338,139.965748,75,
082333,925,錧,ss,ΐ,,,36.473205,139.964431,150,
082333,926,錧,ss,ΐ,,,36.473688,139.963746,150,
082333,927,錧,ss,ΐ,,,36.473220,139.962410,75,
082333,928,錧,ss,ΐ,,,36.474076,139.965533,75,
082333,929,錧,ss,ΐ,,,36.474110,139.963008,150,
082333,930,錧,ss,ΐ,,,36.474600,139.966416,100,
082333,931,錧,ss,ΐ,,,36.475064,139.964629,150,
082333,932,錧,ss,ΐ,,,36.474762,139.962529,150,
082333,933,錧,ss,ΐ,,,36.475364,139.966980,75,
082333,934,錧,ss,ΐ,,,36.475476,139.963171,150,
082333,935,錧,ss,ΐ,,,36.476164,139.965662,150,
082333,936,錧,ss,ΐ,,,36.475816,139.962261,150,
082333,937,錧,ss,ΐ,,,36.477450,139.966540,150,
082333,938,錧,ss,ΐ,,,36.477654,139.964750,75,
082333,939,錧,ss,ΐ,,,36.479629,139.967784,150,
082333,940,錧,ss,ΐ,,,36.478388,139.962865,75,
082333,941,錧,ss,ΐ,,,36.479641,139.963079,75,
082333,942,錧,ss,ΐ,,,36.472834,139.957899,100,
082333,943,錧,ss,ΐ,,,36.473513,139.959482,75,
082333,944,錧,ss,ΐ,,,36.473811,139.957504,75,
082333,945,錧,ss,ΐ,,,36.474801,139.960296,75,
082333,946,錧,ss,ΐ,,,36.475288,139.961537,150,
082333,947,錧,ss,ΐ,,,36.475622,139.961382,150,
082333,948,錧,ss,ΐ,,,36.475839,139.959958,150,
082333,949,錧,ss,ΐ,,,36.476193,139.958216,150,
082333,950,錧,ss,ΐ,,,36.476632,139.961531,75,
082333,951,錧,ss,ΐ,,,36.476953,139.959893,150,
082333,952,錧,ss,ΐ,,,36.476514,139.956790,150,
082333,953,錧,ss,ΐ,,,36.477923,139.960385,75,
082333,954,錧,ss,ΐ,,,36.477890,139.959192,100,
082333,955,錧,ss,ΐ,,,36.479083,139.959717,100,
082333,956,錧,ss,ΐ,,,36.478809,139.958279,100,
082333,957,錧,ss,ΐ,,,36.479629,139.957183,100,
082333,958,錧,ss,ΐ,,,36.480187,139.966380,75,
082333,959,錧,ss,ΐ,,,36.481100,139.964037,75,
082333,960,錧,ss,ΐ,,,36.480349,139.960077,100,
082333,961,錧,ss,ΐ,,,36.480477,139.958996,75,
082333,962,錧,ss,ΐ,,,36.480486,139.957917,75,
082333,963,錧,ss,ΐ,,,36.481348,139.966538,75,
082333,964,錧,ss,ΐ,,,36.481310,139.965608,75,
082333,965,錧,ss,ΐ,,,36.482019,139.960074,100,
082333,966,錧,ss,ΐ,,,36.481300,139.957213,75,
082333,967,錧,ss,ΐ,,,36.482712,139.956881,250,
082333,968,錧,ss,ΐ,,,36.486076,139.960559,250,
082333,969,錧,ss,ΐ,,,36.489674,139.960098,75,
082333,970,錧,ss,ΐ,,,36.492690,139.961799,75,
082333,971,錧,ss,ΐ,,,36.493886,139.962935,100,
082333,972,錧,ss,ΐ,,,36.495909,139.964411,100,
082333,973,錧,ss,ΐ,,,36.494792,139.961427,100,
082333,974,錧,ss,ΐ,,,36.496495,139.964909,100,
082333,975,錧,ss,ΐ,,,36.499216,139.966725,100,
082333,976,錧,ss,ΐ,,,36.502096,139.964301,75,
082333,977,錧,ss,ΐ,,,36.503068,139.962001,75,
082333,978,錧,ss,ΐ,,,36.466209,139.948831,75,
082333,979,錧,ss,ΐ,,,36.466206,139.949021,75,
082333,980,錧,ss,ΐ,,,36.467177,139.947765,75,
082333,981,錧,ss,ΐ,,,36.468086,139.946809,75,
082333,982,錧,ss,ΐ,,,36.469336,139.946143,75,
082333,983,錧,ss,ΐ,,,36.475050,139.955506,75,
082333,984,錧,ss,ΐ,,,36.480655,139.955309,100,
082333,985,錧,ss,ΐ,,,36.481411,139.953826,100,
082333,986,錧,ss,ΐ,,,36.481749,139.952821,100,
082333,987,錧,ss,ΐ,,,36.482163,139.949523,200,
082333,988,錧,ss,ΐ,,,36.483585,139.954662,75,
082333,989,錧,ss,ΐ,,,36.482730,139.947572,75,
082333,990,錧,ss,ΐ,,,36.471936,139.944110,75,
082333,991,錧,ss,ΐ,,,36.476892,139.943620,150,
082333,992,錧,ss,ΐ,,,36.476708,139.975164,150,
082333,993,錧,ss,ΐ,,,36.473504,139.956839,150,
082333,994,錧,ss,ΐ,,,36.472651,139.965081,150,
082333,995,錧,ss,ΐ,,,36.474677,139.96146,150,
082333,996,錧,ss,ΐ,,,36.473439,139.955482,150,
082333,997,錧,ss,ΐ,,,36.472557,139.955172,150,
082333,998,錧,ss,ΐ,,,36.471533,139.954811,150,
082333,999,錧,ss,ΐ,,,36.469226,139.955336,75,
082333,1000,錧,ss,ΐ,,,36.498935,139.986648,100,
082333,1001,錧,ss,ΐ,,,36.484742,139.952281,100,
082333,1002,錧,ss,ΐ,,,36.492768,139.956151,100,
082333,1003,錧,ss,ΐ,,,36.475672,139.970354,75,
082333,1004,錧,ss,ΐ,,,36.499541,139.983936,75,
082333,1005,錧,ss,ΐ,,,36.465816,139.951394,75,
082333,1006,錧,ss,ΐ,,,36.493815,140.028467,75,
082333,1007,錧,ss,ΐ,,,36.499463,140.024544,75,
082333,1008,錧,ss,ΐ,,,36.498868,140.023346,250,
082333,1009,錧,ss,ΐ,,,36.497567,140.025543,250,
082333,1010,錧,ss,ΐ,,,36.500372,140.030602,150,
082333,1011,錧,ss,ΐ,,,36.501158,140.028280,150,
082333,1012,錧,ss,ΐ,,,36.502058,140.024772,100,
082333,1013,錧,ss,ΐ,,,36.503342,140.026665,150,
082333,1014,錧,ss,ΐ,,,36.488886,140.018798,75,
082333,1015,錧,ss,ΐ,,,36.490693,140.018757,75,
082333,1016,錧,ss,ΐ,,,36.492715,140.018232,75,
082333,1017,錧,ss,ΐ,,,36.494488,140.021971,75,
082333,1018,錧,ss,ΐ,,,36.494798,140.020000,75,
082333,1019,錧,ss,ΐ,,,36.495108,140.017492,100,
082333,1020,錧,ss,ΐ,,,36.495022,140.015496,100,
082333,1021,錧,ss,ΐ,,,36.495172,140.014055,100,
082333,1022,錧,ss,ΐ,,,36.495323,140.012559,100,
082333,1023,錧,ss,ΐ,,,36.497591,140.021683,75,
082333,1024,錧,ss,ΐ,,,36.497681,140.018263,75,
082333,1025,錧,ss,ΐ,,,36.499529,140.016513,150,
082333,1026,錧,ss,ΐ,,,36.499953,140.013329,75,
082333,1027,錧,ss,ΐ,,,36.501702,140.019850,75,
082333,1028,錧,ss,ΐ,,,36.502094,140.014237,75,
082333,1029,錧,ss,ΐ,,,36.503500,140.021068,75,
082333,1030,錧,ss,ΐ,,,36.503823,140.013386,75,
082333,1031,錧,ss,ΐ,,,36.479522,140.005048,75,
082333,1032,錧,ss,ΐ,,,36.480752,140.003696,75,
082333,1033,錧,ss,ΐ,,,36.481542,140.007802,75,
082333,1034,錧,ss,ΐ,,,36.482238,140.003129,75,
082333,1035,錧,ss,ΐ,,,36.482242,140.005036,75,
082333,1036,錧,ss,ΐ,,,36.483169,140.011649,75,
082333,1037,錧,ss,ΐ,,,36.484972,140.008994,75,
082333,1038,錧,ss,ΐ,,,36.485094,140.007126,75,
082333,1039,錧,ss,ΐ,,,36.484256,140.003761,75,
082333,1040,錧,ss,ΐ,,,36.494382,140.009896,150,
082333,1041,錧,ss,ΐ,,,36.495779,140.011115,100,
082333,1042,錧,ss,ΐ,,,36.495969,140.009663,100,
082333,1043,錧,ss,ΐ,,,36.496006,140.006521,150,
082333,1044,錧,ss,ΐ,,,36.496001,140.000994,150,
082333,1045,錧,ss,ΐ,,,36.497065,140.011442,150,
082333,1046,錧,ss,ΐ,,,36.498687,140.011241,75,
082333,1047,錧,ss,ΐ,,,36.498142,140.007254,75,
082333,1048,錧,ss,ΐ,,,36.502886,140.010788,75,
082333,1049,錧,ss,ΐ,,,36.471976,139.991596,150,
082333,1050,錧,ss,ΐ,,,36.473858,139.991831,150,
082333,1051,錧,ss,ΐ,,,36.474675,139.992325,100,
082333,1052,錧,ss,ΐ,,,36.475349,139.991901,100,
082333,1053,錧,ss,ΐ,,,36.474837,139.991201,150,
082333,1054,錧,ss,ΐ,,,36.476150,139.996166,100,
082333,1055,錧,ss,ΐ,,,36.476191,139.990831,150,
082333,1056,錧,ss,ΐ,,,36.477640,139.998136,100,
082333,1057,錧,ss,ΐ,,,36.479153,140.000416,75,
082333,1058,錧,ss,ΐ,,,36.478999,139.997489,150,
082333,1059,錧,ss,ΐ,,,36.478638,139.995426,150,
082333,1060,錧,ss,ΐ,,,36.480136,139.990081,75,
082333,1061,錧,ss,ΐ,,,36.482486,139.990449,75,
082333,1062,錧,ss,ΐ,,,36.483366,140.000486,150,
082333,1063,錧,ss,ΐ,,,36.484275,139.999681,150,
082333,1064,錧,ss,ΐ,,,36.485996,139.999313,200,
082333,1065,錧,ss,ΐ,,,36.488010,139.999144,200,
082333,1066,錧,ss,ΐ,,,36.490943,139.997432,150,
082333,1067,錧,ss,ΐ,,,36.492764,139.995979,150,
082333,1068,錧,ss,ΐ,,,36.494011,139.994742,150,
082333,1069,錧,ss,ΐ,,,36.495182,139.999666,75,
082333,1070,錧,ss,ΐ,,,36.495678,139.996249,75,
082333,1071,錧,ss,ΐ,,,36.495342,139.993654,150,
082333,1072,錧,ss,ΐ,,,36.496309,139.998683,150,
082333,1073,錧,ss,ΐ,,,36.496620,139.997026,150,
082333,1074,錧,ss,ΐ,,,36.496749,139.994762,150,
082333,1075,錧,ss,ΐ,,,36.496657,139.992465,150,
082333,1076,錧,ss,ΐ,,,36.496604,139.990775,150,
082333,1077,錧,ss,ΐ,,,36.497321,139.989838,75,
082333,1078,錧,ss,ΐ,,,36.497918,139.999002,75,
082333,1079,錧,ss,ΐ,,,36.497405,139.992418,75,
082333,1080,錧,ss,ΐ,,,36.499387,139.995887,75,
082333,1081,錧,ss,ΐ,,,36.477037,139.985872,75,
082333,1082,錧,ss,ΐ,,,36.477148,139.981785,75,
082333,1083,錧,ss,ΐ,,,36.478006,139.980791,75,
082333,1084,錧,ss,ΐ,,,36.479637,139.982140,75,
082333,1085,錧,ss,ΐ,,,36.481276,139.984139,75,
082333,1086,錧,ss,ΐ,,,36.480655,139.982732,75,
082333,1087,錧,ss,ΐ,,,36.482624,139.988331,75,
082333,1088,錧,ss,ΐ,,,36.490577,139.988759,75,
082333,1089,錧,ss,ΐ,,,36.470397,139.971561,75,
082333,1090,錧,ss,ΐ,,,36.469070,139.968265,75,
082333,1091,錧,ss,ΐ,,,36.471537,139.977144,150,
082333,1092,錧,ss,ΐ,,,36.471610,139.977479,75,
082333,1093,錧,ss,ΐ,,,36.467899,139.963625,100,
082333,1094,錧,ss,ΐ,,,36.468529,139.966458,75,
082333,1095,錧,ss,ΐ,,,36.468708,139.964517,150,
082333,1096,錧,ss,ΐ,,,36.470013,139.966853,75,
082333,1097,錧,ss,ΐ,,,36.492803,140.011894,100,
082333,1098,錧,ss,ΐ,,,36.478872,139.981559,75,
082333,1099,錧,ss,ΐ,,,36.503578,139.957797,200,
082333,1100,錧,ss,ΐ,,,36.505493,139.95984,75,
082333,1101,錧,ss,ΐ,,,36.482803,139.943250,150,
082333,1102,錧,ss,ΐ,,,36.483905,139.945859,100,
082333,1103,錧,ss,ΐ,,,36.486826,139.948570,100,
082333,1104,錧,ss,ΐ,,,36.487753,139.950515,100,
082333,1105,錧,ss,ΐ,,,36.487351,139.945391,100,
082333,1106,錧,ss,ΐ,,,36.497007,139.951859,100,
082333,1107,錧,ss,ΐ,,,36.499082,139.946782,75,
082333,1108,錧,ss,ΐ,,,36.503787,139.954134,100,
082333,1109,錧,ss,ΐ,,,36.504739,139.947929,100,
082333,1110,錧,ss,ΐ,,,36.476709,139.937944,100,
082333,1111,錧,ss,ΐ,,,36.477814,139.936738,150,
082333,1112,錧,ss,ΐ,,,36.477917,139.934376,150,
082333,1113,錧,ss,ΐ,,,36.478350,139.935469,75,
082333,1114,錧,ss,ΐ,,,36.478915,139.937248,150,
082333,1115,錧,ss,ΐ,,,36.480835,139.937312,150,
082333,1116,錧,ss,ΐ,,,36.482110,139.940064,150,
082333,1117,錧,ss,ΐ,,,36.482602,139.937799,150,
082333,1118,錧,ss,ΐ,,,36.482072,139.935438,150,
082333,1119,錧,ss,ΐ,,,36.482875,139.944967,200,
082333,1120,錧,ss,ΐ,,,36.483822,139.942444,150,
082333,1121,錧,ss,ΐ,,,36.482626,139.939036,200,
082333,1122,錧,ss,ΐ,,,36.483862,139.940456,150,
082333,1123,錧,ss,ΐ,,,36.482983,139.936355,150,
082333,1124,錧,ss,ΐ,,,36.484837,139.943200,100,
082333,1125,錧,ss,ΐ,,,36.484434,139.934930,100,
082333,1126,錧,ss,ΐ,,,36.490144,139.936703,100,
082333,1127,錧,ss,ΐ,,,36.477444,139.930881,75,
082333,1128,錧,ss,ΐ,,,36.481094,139.927005,100,
082333,1129,錧,ss,ΐ,,,36.482545,139.933466,150,
082333,1130,錧,ss,ΐ,,,36.483509,139.929314,150,
082333,1131,錧,ss,ΐ,,,36.482999,139.924080,100,
082333,1132,錧,ss,ΐ,,,36.484168,139.933465,100,
082333,1133,錧,ss,ΐ,,,36.484390,139.926997,100,
082333,1134,錧,ss,ΐ,,,36.485275,139.923049,150,
082333,1135,錧,ss,ΐ,,,36.490440,139.929095,100,
082333,1136,錧,ss,ΐ,,,36.491911,139.932199,75,
082333,1137,錧,ss,ΐ,,,36.492583,139.930557,75,
082333,1138,錧,ss,ΐ,,,36.482211,139.919999,100,
082333,1139,錧,ss,ΐ,,,36.486101,139.936035,75,
082333,1140,錧,ss,ΐ,,,36.504705,139.937787,75,
082333,1141,錧,ss,ΐ,,,36.503758,139.954774,75,
082333,1142,錧,ss,ΐ,,,36.499514,139.951780,100,
082333,1143,錧,ss,ΐ,,,36.484800,139.941967,100,
082333,1144,錧,ss,ΐ,,,36.494530,139.933300,75,
082333,1145,錧,ss,ΐ,,,36.481583,139.920746,75,
082333,1146,錧,ss,ΐ,,,36.482927,139.929062,100,
082333,1147,錧,ss,ΐ,,,36.435933,140.019806,75,
082333,1148,錧,ss,ΐ,,,36.437228,140.017165,75,
082333,1149,錧,ss,ΐ,,,36.437845,140.015507,75,
082333,1150,錧,ss,ΐ,,,36.439436,140.016848,100,
082333,1151,錧,ss,ΐ,,,36.439432,140.013024,75,
082333,1152,錧,ss,ΐ,,,36.441064,140.012082,100,
082333,1153,錧,ss,ΐ,,,36.441491,140.013868,75,
082333,1154,錧,ss,ΐ,,,36.442798,140.017045,150,
082333,1155,錧,ss,ΐ,,,36.443955,140.015752,75,
082333,1156,錧,ss,ΐ,,,36.445008,140.020907,150,
082333,1157,錧,ss,ΐ,,,36.445595,140.014184,75,
082333,1158,錧,ss,ΐ,,,36.446782,140.012637,150,
082333,1159,錧,ss,ΐ,,,36.448986,140.021541,150,
082333,1160,錧,ss,ΐ,,,36.452710,140.018684,150,
082333,1161,錧,ss,ΐ,,,36.455483,140.022212,75,
082333,1162,錧,ss,ΐ,,,36.456850,140.020101,75,
082333,1163,錧,ss,ΐ,,,36.455639,140.013565,100,
082333,1164,錧,ss,ΐ,,,36.443184,140.010051,100,
082333,1165,錧,ss,ΐ,,,36.444381,140.007360,75,
082333,1166,錧,ss,ΐ,,,36.445211,140.008136,100,
082333,1167,錧,ss,ΐ,,,36.445993,140.007724,100,
082333,1168,錧,ss,ΐ,,,36.446953,140.010040,75,
082333,1169,錧,ss,ΐ,,,36.447075,140.006809,75,
082333,1170,錧,ss,ΐ,,,36.447941,140.007816,150,
082333,1171,錧,ss,ΐ,,,36.449651,140.007491,75,
082333,1172,錧,ss,ΐ,,,36.449214,140.006595,150,
082333,1173,錧,ss,ΐ,,,36.450490,140.004817,150,
082333,1174,錧,ss,ΐ,,,36.451617,140.007330,75,
082333,1175,錧,ss,ΐ,,,36.453065,140.006186,100,
082333,1176,錧,ss,ΐ,,,36.454765,140.010942,100,
082333,1177,錧,ss,ΐ,,,36.455912,140.006183,150,
082333,1178,錧,ss,ΐ,,,36.458178,140.004741,150,
082333,1179,錧,ss,ΐ,,,36.464883,140.002138,75,
082333,1180,錧,ss,ΐ,,,36.465697,140.002927,75,
082333,1181,錧,ss,ΐ,,,36.467555,140.001329,75,
082333,1182,錧,ss,ΐ,,,36.453487,139.998788,150,
082333,1183,錧,ss,ΐ,,,36.454290,139.994343,75,
082333,1184,錧,ss,ΐ,,,36.454166,139.992786,150,
082333,1185,錧,ss,ΐ,,,36.455361,139.991021,150,
082333,1186,錧,ss,ΐ,,,36.456653,139.995319,75,
082333,1187,錧,ss,ΐ,,,36.456436,139.992239,75,
082333,1188,錧,ss,ΐ,,,36.456350,139.989699,150,
082333,1189,錧,ss,ΐ,,,36.457829,139.994754,75,
082333,1190,錧,ss,ΐ,,,36.461845,139.989981,150,
082333,1191,錧,ss,ΐ,,,36.462359,139.991451,150,
082333,1192,錧,ss,ΐ,,,36.466021,139.999591,150,
082333,1193,錧,ss,ΐ,,,36.458698,139.987576,150,
082333,1194,錧,ss,ΐ,,,36.460493,139.985633,100,
082333,1195,錧,ss,ΐ,,,36.461310,139.983899,100,
082333,1196,錧,ss,ΐ,,,36.461909,139.982530,100,
082333,1197,錧,ss,ΐ,,,36.463332,139.979619,100,
082333,1198,錧,ss,ΐ,,,36.465265,139.983516,75,
082333,1199,錧,ss,ΐ,,,36.460936,139.963017,75,
082333,1200,錧,ss,ΐ,,,36.461683,139.964634,75,
082333,1201,錧,ss,ΐ,,,36.461765,139.963218,75,
082333,1202,錧,ss,ΐ,,,36.462195,139.961962,100,
082333,1203,錧,ss,ΐ,,,36.463068,139.966407,100,
082333,1204,錧,ss,ΐ,,,36.462626,139.965176,100,
082333,1205,錧,ss,ΐ,,,36.463037,139.963587,100,
082333,1206,錧,ss,ΐ,,,36.463758,139.962409,150,
082333,1207,錧,ss,ΐ,,,36.463599,139.960708,100,
082333,1208,錧,ss,ΐ,,,36.464558,139.963945,100,
082333,1209,錧,ss,ΐ,,,36.463560,139.967588,100,
082333,1210,錧,ss,ΐ,,,36.463849,139.975355,100,
082333,1211,錧,ss,ΐ,,,36.467426,139.967953,200,
082333,1212,錧,ss,ΐ,,,36.466451,139.963603,100,
082333,1213,錧,ss,ΐ,,,36.467634,139.966200,200,
082333,1214,錧,ss,ΐ,,,36.468665,139.964201,75,
082333,1215,錧,ss,ΐ,,,36.469767,139.964514,150,
082333,1216,錧,ss,ΐ,,,36.469945,139.963728,75,
082333,1217,錧,ss,ΐ,,,36.471246,139.964866,150,
082333,1218,錧,ss,ΐ,,,36.450976,140.017289,75,
082333,1219,錧,ss,ΐ,,,36.443745,140.019513,,
082333,1220,錧,ss,ΐ,,,36.444068,140.008552,75,
082333,1221,錧,ss,ΐ,,,36.447401,140.007758,75,
082333,1222,錧,ss,ΐ,,,36.535124,139.895026,100,
082333,1223,錧,ss,ΐ,,,36.537054,139.897039,100,
082333,1224,錧,ss,ΐ,,,36.522711,139.894194,75,
082333,1225,錧,ss,ΐ,,,36.522345,139.883825,75,
082333,1226,錧,ss,ΐ,,,36.523421,139.891806,75,
082333,1227,錧,ss,ΐ,,,36.525338,139.891964,75,
082333,1228,錧,ss,ΐ,,,36.524788,139.88369,100,
082333,1229,錧,ss,ΐ,,,36.526939,139.892713,150,
082333,1230,錧,ss,ΐ,,,36.528529,139.893488,100,
082333,1231,錧,ss,ΐ,,,36.530551,139.893208,75,
082333,1232,錧,ss,ΐ,,,36.532744,139.892033,75,
082333,1233,錧,ss,ΐ,,,36.532549,139.888177,75,
082333,1234,錧,ss,ΐ,,,36.531901,139.883733,100,
082333,1235,錧,ss,ΐ,,,36.532996,139.894485,75,
082333,1236,錧,ss,ΐ,,,36.533959,139.891499,75,
082333,1237,錧,ss,ΐ,,,36.532738,139.885753,75,
082333,1238,錧,ss,ΐ,,,36.534397,139.889964,75,
082333,1239,錧,ss,ΐ,,,36.534557,139.887408,75,
082333,1240,錧,ss,ΐ,,,36.535584,139.888731,75,
082333,1241,錧,ss,ΐ,,,36.536979,139.889868,75,
082333,1242,錧,ss,ΐ,,,36.520906,139.882389,75,
082333,1243,錧,ss,ΐ,,,36.521250,139.880480,75,
082333,1244,錧,ss,ΐ,,,36.522325,139.883063,75,
082333,1245,錧,ss,ΐ,,,36.522234,139.882076,100,
082333,1246,錧,ss,ΐ,,,36.524053,139.883112,100,
082333,1247,錧,ss,ΐ,,,36.527909,139.882731,100,
082333,1248,錧,ss,ΐ,,,36.527731,139.879862,100,
082333,1249,錧,ss,ΐ,,,36.529758,139.878177,100,
082333,1250,錧,ss,ΐ,,,36.529957,139.874984,75,
082333,1251,錧,ss,ΐ,,,36.530789,139.880386,75,
082333,1252,錧,ss,ΐ,,,36.530175,139.880355,75,
082333,1253,錧,ss,ΐ,,,36.530066,139.877469,75,
082333,1254,錧,ss,ΐ,,,36.529987,139.873104,75,
082333,1255,錧,ss,ΐ,,,36.528855,139.875404,75,
082333,1256,錧,ss,ΐ,,,36.528626,139.876643,75,
082333,1257,錧,ss,ΐ,,,36.519929,139.876309,200,
082333,1258,錧,ss,ΐ,,,36.519528,139.872743,200,
082333,1259,錧,ss,ΐ,,,36.521509,139.872644,75,
082333,1260,錧,ss,ΐ,,,36.522733,139.873760,75,
082333,1261,錧,ss,ΐ,,,36.527117,139.875184,100,
082333,1262,錧,ss,ΐ,,,36.510467,139.864022,75,
082333,1263,錧,ss,ΐ,,,36.508185,139.867574,150,
082333,1264,錧,ss,ΐ,,,36.511431,139.862455,75,
082333,1265,錧,ss,ΐ,,,36.512398,139.867981,150,
082333,1266,錧,ss,ΐ,,,36.514221,139.863163,150,
082333,1267,錧,ss,ΐ,,,36.515645,139.867338,150,
082333,1268,錧,ss,ΐ,,,36.517137,139.869343,150,
082333,1269,錧,ss,ΐ,,,36.518247,139.872047,150,
082333,1270,錧,ss,ΐ,,,36.522489,139.872241,75,
082333,1271,錧,ss,ΐ,,,36.522361,139.871274,75,
082333,1272,錧,ss,ΐ,,,36.512508,139.859984,75,
082333,1273,錧,ss,ΐ,,,36.513361,139.857490,75,
082333,1274,錧,ss,ΐ,,,36.514032,139.855044,75,
082333,1275,錧,ss,ΐ,,,36.516062,139.860591,75,
082333,1276,錧,ss,ΐ,,,36.515551,139.859835,150,
082333,1277,錧,ss,ΐ,,,36.517468,139.859595,75,
082333,1278,錧,ss,ΐ,,,36.533133,139.877076,75,
082333,1279,錧,ss,ΐ,,,36.535200,139.880364,75,
082333,1280,錧,ss,ΐ,,,36.535443,139.877799,100,
082333,1281,錧,ss,ΐ,,,36.536396,139.876320,75,
082333,1282,錧,ss,ΐ,,,36.536831,139.881909,75,
082333,1283,錧,ss,ΐ,,,36.536968,139.874614,100,
082333,1284,錧,ss,ΐ,,,36.538301,139.882725,75,
082333,1285,錧,ss,ΐ,,,36.534416,139.870936,75,
082333,1286,錧,ss,ΐ,,,36.537764,139.871630,75,
082333,1287,錧,ss,ΐ,,,36.537936,139.865037,75,
082333,1288,錧,ss,ΐ,,,36.538815,139.867718,75,
082333,1289,錧,ss,ΐ,,,36.540466,139.864034,75,
082333,1290,錧,ss,ΐ,,,36.540570,139.864566,75,
082333,1291,錧,ss,ΐ,,,36.541409,139.869732,75,
082333,1292,錧,ss,ΐ,,,36.541715,139.867431,75,
082333,1293,錧,ss,ΐ,,,36.542654,139.868938,100,
082333,1294,錧,ss,ΐ,,,36.542988,139.864034,75,
082333,1295,錧,ss,ΐ,,,36.543841,139.861828,75,
082333,1296,錧,ss,ΐ,,,36.546196,139.864369,75,
082333,1297,錧,ss,ΐ,,,36.540170,139.860875,75,
082333,1298,錧,ss,ΐ,,,36.542637,139.859679,100,
082333,1299,錧,ss,ΐ,,,36.542230,139.856941,100,
082333,1300,錧,ss,ΐ,,,36.536595,139.863629,75,
082333,1301,錧,ss,ΐ,,,36.525872,139.855663,150,
082333,1302,錧,ss,ΐ,,,36.525827,139.852585,75,
082333,1303,錧,ss,ΐ,,,36.525540,139.850362,75,
082333,1304,錧,ss,ΐ,,,36.527687,139.852263,75,
082333,1305,錧,ss,ΐ,,,36.528264,139.850279,75,
082333,1306,錧,ss,ΐ,,,36.537120,139.856775,100,
082333,1307,錧,ss,ΐ,,,36.540094,139.856584,75,
082333,1308,錧,ss,ΐ,,,36.520022,139.835195,75,
082333,1309,錧,ss,ΐ,,,36.517372,139.845948,75,
082333,1310,錧,ss,ΐ,,,36.517982,139.843939,75,
082333,1311,錧,ss,ΐ,,,36.518512,139.841716,75,
082333,1312,錧,ss,ΐ,,,36.518963,139.839236,75,
082333,1313,錧,ss,ΐ,,,36.519758,139.846585,150,
082333,1314,錧,ss,ΐ,,,36.520376,139.843917,150,
082333,1315,錧,ss,ΐ,,,36.519906,139.841503,75,
082333,1316,錧,ss,ΐ,,,36.520767,139.845850,75,
082333,1317,錧,ss,ΐ,,,36.521628,139.843482,150,
082333,1318,錧,ss,ΐ,,,36.520800,139.841267,150,
082333,1319,錧,ss,ΐ,,,36.522095,139.847512,75,
082333,1320,錧,ss,ΐ,,,36.522908,139.844624,150,
082333,1321,錧,ss,ΐ,,,36.524397,139.848455,75,
082333,1322,錧,ss,ΐ,,,36.525361,139.848475,150,
082333,1323,錧,ss,ΐ,,,36.524800,139.847085,150,
082333,1324,錧,ss,ΐ,,,36.526855,139.849450,150,
082333,1325,錧,ss,ΐ,,,36.521238,139.838167,150,
082333,1326,錧,ss,ΐ,,,36.521518,139.834923,150,
082333,1327,錧,ss,ΐ,,,36.521031,139.832767,75,
082333,1328,錧,ss,ΐ,,,36.538273,139.860619,150,
082333,1329,錧,ss,ΐ,,,36.523254,139.833718,75,
082333,1330,錧,ss,ΐ,,,36.524698,139.834327,75,
082333,1331,錧,ss,ΐ,,,36.533041,139.861386,75,
082333,1332,錧,ss,ΐ,,,36.521205,139.849069,100,
082333,1333,錧,ss,ΐ,,,36.521938,139.850591,100,
082333,1334,錧,ss,ΐ,,,36.519835,139.868291,75,
082333,1335,錧,ss,ΐ,,,36.521300,139.868788,150,
082333,1336,錧,ss,ΐ,,,36.520924,139.866428,75,
082333,1337,錧,ss,ΐ,,,36.520608,139.864020,150,
082333,1338,錧,ss,ΐ,,,36.521694,139.863956,75,
082333,1339,錧,ss,ΐ,,,36.522836,139.869488,100,
082333,1340,錧,ss,ΐ,,,36.522107,139.861637,150,
082333,1341,錧,ss,ΐ,,,36.526005,139.869168,100,
082333,1342,錧,ss,ΐ,,,36.528504,139.872124,100,
082333,1343,錧,ss,ΐ,,,36.527823,139.869924,100,
082333,1344,錧,ss,ΐ,,,36.529893,139.871367,100,
082333,1345,錧,ss,ΐ,,,36.529921,139.865547,150,
082333,1346,錧,ss,ΐ,,,36.526287,139.859794,75,
082333,1347,錧,ss,ΐ,,,36.530855,139.865531,75,
082333,1348,錧,ss,ΐ,,,36.531947,139.868943,75,
082333,1349,錧,ss,ΐ,,,36.530759,139.870792,75,
082333,1350,錧,ss,ΐ,,,36.534518,139.866134,75,
082333,1351,錧,ss,ΐ,,,36.516772,139.856909,150,
082333,1352,錧,ss,ΐ,,,36.518464,139.857643,75,
082333,1353,錧,ss,ΐ,,,36.517919,139.853510,150,
082333,1354,錧,ss,ΐ,,,36.519136,139.852866,100,
082333,1355,錧,ss,ΐ,,,36.520072,139.860961,75,
082333,1356,錧,ss,ΐ,,,36.519998,139.855434,100,
082333,1357,錧,ss,ΐ,,,36.521326,139.860893,100,
082333,1358,錧,ss,ΐ,,,36.520749,139.857320,100,
082333,1359,錧,ss,ΐ,,,36.522324,139.858209,75,
082333,1360,錧,ss,ΐ,,,36.525496,139.861041,150,
082333,1361,錧,ss,ΐ,,,36.518983,139.849910,150,
082333,1362,錧,ss,ΐ,,,36.515234,139.907593,75,
082333,1363,錧,ss,ΐ,,,36.518018,139.908224,75,
082333,1364,錧,ss,ΐ,,,36.513563,139.905717,75,
082333,1365,錧,ss,ΐ,,,36.520637,139.905037,75,
082333,1366,錧,ss,ΐ,,,36.521343,139.898062,75,
082333,1367,錧,ss,ΐ,,,36.524012,139.897647,75,
082333,1368,錧,ss,ΐ,,,36.506130,139.885216,150,
082333,1369,錧,ss,ΐ,,,36.506829,139.883874,150,
082333,1370,錧,ss,ΐ,,,36.508116,139.885715,150,
082333,1371,錧,ss,ΐ,,,36.510084,139.888059,150,
082333,1372,錧,ss,ΐ,,,36.511769,139.894394,150,
082333,1373,錧,ss,ΐ,,,36.512418,139.889175,150,
082333,1374,錧,ss,ΐ,,,36.511691,139.886130,75,
082333,1375,錧,ss,ΐ,,,36.513021,139.891487,150,
082333,1376,錧,ss,ΐ,,,36.512645,139.888550,150,
082333,1377,錧,ss,ΐ,,,36.514585,139.891160,150,
082333,1378,錧,ss,ΐ,,,36.515991,139.891711,150,
082333,1379,錧,ss,ΐ,,,36.517946,139.892746,150,
082333,1380,錧,ss,ΐ,,,36.520329,139.894396,150,
082333,1381,錧,ss,ΐ,,,36.507939,139.883232,75,
082333,1382,錧,ss,ΐ,,,36.507596,139.881604,150,
082333,1383,錧,ss,ΐ,,,36.508133,139.881520,75,
082333,1384,錧,ss,ΐ,,,36.513614,139.887559,150,
082333,1385,錧,ss,ΐ,,,36.514293,139.885926,150,
082333,1386,錧,ss,ΐ,,,36.505485,139.872107,75,
082333,1387,錧,ss,ΐ,,,36.506318,139.871921,100,
082333,1388,錧,ss,ΐ,,,36.506232,139.870424,75,
082333,1389,錧,ss,ΐ,,,36.502745,139.876290,75,
082333,1390,錧,ss,ΐ,,,36.504382,139.874085,75,
082333,1391,錧,ss,ΐ,,,36.507174,139.873077,75,
082333,1392,錧,ss,ΐ,,,36.508930,139.878728,150,
082333,1393,錧,ss,ΐ,,,36.510909,139.878058,100,
082333,1394,錧,ss,ΐ,,,36.509889,139.875616,150,
082333,1395,錧,ss,ΐ,,,36.510270,139.874237,150,
082333,1396,錧,ss,ΐ,,,36.512416,139.880807,100,
082333,1397,錧,ss,ΐ,,,36.511624,139.879092,75,
082333,1398,錧,ss,ΐ,,,36.511668,139.877958,75,
082333,1399,錧,ss,ΐ,,,36.511134,139.875364,75,
082333,1400,錧,ss,ΐ,,,36.513600,139.882713,100,
082333,1401,錧,ss,ΐ,,,36.514208,139.879771,75,
082333,1402,錧,ss,ΐ,,,36.515480,139.883546,100,
082333,1403,錧,ss,ΐ,,,36.506978,139.870451,75,
082333,1404,錧,ss,ΐ,,,36.507818,139.869181,75,
082333,1405,錧,ss,ΐ,,,36.508929,139.867548,100,
082333,1406,錧,ss,ΐ,,,36.510210,139.871285,100,
082333,1407,錧,ss,ΐ,,,36.511016,139.868931,75,
082333,1408,錧,ss,ΐ,,,36.511335,139.870493,75,
082333,1409,錧,ss,ΐ,,,36.495453,139.892140,75,
082333,1410,錧,ss,ΐ,,,36.495606,139.891746,75,
082333,1411,錧,ss,ΐ,,,36.494910,139.891695,75,
082333,1412,錧,ss,ΐ,,,36.495386,139.890523,75,
082333,1413,錧,ss,ΐ,,,36.497067,139.891960,75,
082333,1414,錧,ss,ΐ,,,36.496518,139.890548,75,
082333,1415,錧,ss,ΐ,,,36.496955,139.888210,75,
082333,1416,錧,ss,ΐ,,,36.498378,139.889410,75,
082333,1417,錧,ss,ΐ,,,36.497842,139.886076,75,
082333,1418,錧,ss,ΐ,,,36.499872,139.890008,75,
082333,1419,錧,ss,ΐ,,,36.502991,139.900465,75,
082333,1420,錧,ss,ΐ,,,36.503453,139.897091,75,
082333,1421,錧,ss,ΐ,,,36.505215,139.901749,75,
082333,1422,錧,ss,ΐ,,,36.504602,139.899546,75,
082333,1423,錧,ss,ΐ,,,36.506510,139.900169,75,
082333,1424,錧,ss,ΐ,,,36.506269,139.897285,75,
082333,1425,錧,ss,ΐ,,,36.505918,139.895546,75,
082333,1426,錧,ss,ΐ,,,36.507608,139.899188,75,
082333,1427,錧,ss,ΐ,,,36.507921,139.897463,75,
082333,1428,錧,ss,ΐ,,,36.509118,139.899914,75,
082333,1429,錧,ss,ΐ,,,36.502312,139.892852,75,
082333,1430,錧,ss,ΐ,,,36.502720,139.890566,150,
082333,1431,錧,ss,ΐ,,,36.504032,139.894380,150,
082333,1432,錧,ss,ΐ,,,36.503563,139.892818,150,
082333,1433,錧,ss,ΐ,,,36.503714,139.889078,150,
082333,1434,錧,ss,ΐ,,,36.506257,139.891910,75,
082333,1435,錧,ss,ΐ,,,36.505853,139.889211,75,
082333,1436,錧,ss,ΐ,,,36.552801,139.858820,75,
082333,1437,錧,ss,ΐ,,,36.550205,139.854262,100,
082333,1438,錧,ss,ΐ,,,36.549016,139.851679,100,
082333,1439,錧,ss,ΐ,,,36.553861,139.852018,100,
082333,1440,錧,ss,ΐ,,,36.556382,139.855562,100,
082333,1441,錧,ss,ΐ,,,36.558056,139.856620,75,
082333,1442,錧,ss,ΐ,,,36.558165,139.850199,150,
082333,1443,錧,ss,ΐ,,,36.558658,139.853982,75,
082333,1444,錧,ss,ΐ,,,36.560570,139.850552,75,
082333,1445,錧,ss,ΐ,,,36.561182,139.852613,150,
082333,1446,錧,ss,ΐ,,,36.562908,139.852449,75,
082333,1447,錧,ss,ΐ,,,36.549995,139.839263,200,
082333,1448,錧,ss,ΐ,,,36.550991,139.846817,150,
082333,1449,錧,ss,ΐ,,,36.550742,139.844174,150,
082333,1450,錧,ss,ΐ,,,36.553054,139.846175,150,
082333,1451,錧,ss,ΐ,,,36.553347,139.842007,100,
082333,1452,錧,ss,ΐ,,,36.556994,139.848311,150,
082333,1453,錧,ss,ΐ,,,36.556639,139.846595,100,
082333,1454,錧,ss,ΐ,,,36.556186,139.843417,75,
082333,1455,錧,ss,ΐ,,,36.556748,139.841620,100,
082333,1456,錧,ss,ΐ,,,36.559689,139.848866,100,
082333,1457,錧,ss,ΐ,,,36.558750,139.846827,100,
082333,1458,錧,ss,ΐ,,,36.561459,139.843533,100,
082333,1459,錧,ss,ΐ,,,36.563628,139.845685,100,
082333,1460,錧,ss,ΐ,,,36.564414,139.846470,100,
082333,1461,錧,ss,ΐ,,,36.566495,139.849835,100,
082333,1462,錧,ss,ΐ,,,36.565760,139.848004,100,
082333,1463,錧,ss,ΐ,,,36.550232,139.830657,200,
082333,1464,錧,ss,ΐ,,,36.549749,139.828058,200,
082333,1465,錧,ss,ΐ,,,36.551054,139.837104,150,
082333,1466,錧,ss,ΐ,,,36.550775,139.832955,200,
082333,1467,錧,ss,ΐ,,,36.552787,139.836034,200,
082333,1468,錧,ss,ΐ,,,36.551894,139.830193,150,
082333,1469,錧,ss,ΐ,,,36.554959,139.838927,100,
082333,1470,錧,ss,ΐ,,,36.555919,139.837321,100,
082333,1471,錧,ss,ΐ,,,36.558184,139.837703,75,
082333,1472,錧,ss,ΐ,,,36.557344,139.835747,100,
082333,1473,錧,ss,ΐ,,,36.561135,139.835164,100,
082333,1474,錧,ss,ΐ,,,36.547328,139.825232,75,
082333,1475,錧,ss,ΐ,,,36.553323,139.854874,100,
082333,1476,錧,ss,ΐ,,,36.567326,139.852811,75,
082333,1477,錧,ss,ΐ,,,36.571673,139.850519,200,
082333,1478,錧,ss,ΐ,,,36.566771,139.841311,100,
082333,1479,錧,ss,ΐ,,,36.568269,139.842376,100,
082333,1480,錧,ss,ΐ,,,36.572678,139.839466,75,
082333,1481,錧,ss,ΐ,,,36.573731,139.842664,150,
082333,1482,錧,ss,ΐ,,,36.568526,139.849825,75,
082333,1483,錧,ss,ΐ,,,36.569601,139.848735,75,
082333,1484,錧,ss,ΐ,,,36.569777,139.846692,100,
082333,1485,錧,ss,ΐ,,,36.569264,139.844582,100,
082333,1486,錧,ss,ΐ,,,36.570803,139.848257,100,
082333,1487,錧,ss,ΐ,,,36.572320,139.846343,150,
082333,1488,錧,ss,ΐ,,,36.572833,139.844617,150,
082333,1489,錧,ss,ΐ,,,36.576198,139.844410,75,
082333,1490,錧,ss,ΐ,,,36.576553,139.842262,75,
082333,1491,錧,ss,ΐ,,,36.576226,139.839999,150,
082333,1492,錧,ss,ΐ,,,36.579587,139.839448,75,
082333,1493,錧,ss,ΐ,,,36.568406,139.835621,75,
082333,1494,錧,ss,ΐ,,,36.569634,139.829209,75,
082333,1495,錧,ss,ΐ,,,36.572486,139.832565,100,
082333,1496,錧,ss,ΐ,,,36.573822,139.835353,100,
082333,1497,錧,ss,ΐ,,,36.573584,139.829407,75,
082333,1498,錧,ss,ΐ,,,36.576078,139.836961,150,
082333,1499,錧,ss,ΐ,,,36.577586,139.838200,75,
082333,1500,錧,ss,ΐ,,,36.574644,139.826028,75,
082333,1501,錧,ss,ΐ,,,36.565366,139.857023,150,
082333,1502,錧,ss,ΐ,,,36.567752,139.859246,75,
082333,1503,錧,ss,ΐ,,,36.568731,139.857585,75,
082333,1504,錧,ss,ΐ,,,36.571491,139.854345,75,
082333,1505,錧,ss,ΐ,,,36.572455,139.855526,75,
082333,1506,錧,ss,ΐ,,,36.572295,139.852258,200,
082333,1507,錧,ss,ΐ,,,36.573849,139.853267,200,
082333,1508,錧,ss,ΐ,,,36.575378,139.853650,200,
082333,1509,錧,ss,ΐ,,,36.577263,139.854894,100,
082333,1510,錧,ss,ΐ,,,36.571576,139.867643,250,
082333,1511,錧,ss,ΐ,,,36.572928,139.866025,250,
082333,1512,錧,ss,ΐ,,,36.572217,139.863855,250,
082333,1513,錧,ss,ΐ,,,36.572756,139.861895,250,
082333,1514,錧,ss,ΐ,,,36.574430,139.861566,75,
082333,1515,錧,ss,ΐ,,,36.575684,139.862698,75,
082333,1516,錧,ss,ΐ,,,36.573599,139.859567,75,
082333,1517,錧,ss,ΐ,,,36.574485,139.858226,75,
082333,1518,錧,ss,ΐ,,,36.575587,139.856399,250,
082333,1519,錧,ss,ΐ,,,36.564980,139.866596,150,
082333,1520,錧,ss,ΐ,,,36.554784,139.876983,75,
082333,1521,錧,ss,ΐ,,,36.554952,139.875225,75,
082333,1522,錧,ss,ΐ,,,36.556158,139.872781,75,
082333,1523,錧,ss,ΐ,,,36.550147,139.863726,150,
082333,1524,錧,ss,ΐ,,,36.549272,139.862447,150,
082333,1525,錧,ss,ΐ,,,36.550922,139.868378,75,
082333,1526,錧,ss,ΐ,,,36.550827,139.867136,75,
082333,1527,錧,ss,ΐ,,,36.551215,139.865238,150,
082333,1528,錧,ss,ΐ,,,36.554321,139.870959,150,
082333,1529,錧,ss,ΐ,,,36.553853,139.868620,150,
082333,1530,錧,ss,ΐ,,,36.553044,139.866794,150,
082333,1531,錧,ss,ΐ,,,36.554905,139.869920,100,
082333,1532,錧,ss,ΐ,,,36.556566,139.871207,100,
082333,1533,錧,ss,ΐ,,,36.557849,139.872360,100,
082333,1534,錧,ss,ΐ,,,36.558778,139.869915,100,
082333,1535,錧,ss,ΐ,,,36.558897,139.868547,100,
082333,1536,錧,ss,ΐ,,,36.560433,139.868723,75,
082333,1537,錧,ss,ΐ,,,36.560668,139.865301,100,
082333,1538,錧,ss,ΐ,,,36.543290,139.857749,200,
082333,1539,錧,ss,ΐ,,,36.544573,139.855410,150,
082333,1540,錧,ss,ΐ,,,36.546134,139.854602,150,
082333,1541,錧,ss,ΐ,,,36.547470,139.859191,150,
082333,1542,錧,ss,ΐ,,,36.547031,139.856916,150,
082333,1543,錧,ss,ΐ,,,36.548204,139.860892,150,
082333,1544,錧,ss,ΐ,,,36.553565,139.874442,150,
082333,1545,錧,ss,ΐ,,,36.545718,139.895396,100,
082333,1546,錧,ss,ΐ,,,36.548530,139.894855,100,
082333,1547,錧,ss,ΐ,,,36.538495,139.894539,100,
082333,1548,錧,ss,ΐ,,,36.540065,139.885860,100,
082333,1549,錧,ss,ΐ,,,36.541962,139.883683,100,
082333,1550,錧,ss,ΐ,,,36.542886,139.887837,100,
082333,1551,錧,ss,ΐ,,,36.544086,139.891981,100,
082333,1552,錧,ss,ΐ,,,36.548811,139.885366,150,
082333,1553,錧,ss,ΐ,,,36.547794,139.883947,150,
082333,1554,錧,ss,ΐ,,,36.550232,139.893534,100,
082333,1555,錧,ss,ΐ,,,36.549332,139.887253,75,
082333,1556,錧,ss,ΐ,,,36.550775,139.891177,100,
082333,1557,錧,ss,ΐ,,,36.550498,139.884276,100,
082333,1558,錧,ss,ΐ,,,36.540592,139.877681,150,
082333,1559,錧,ss,ΐ,,,36.541664,139.880789,75,
082333,1560,錧,ss,ΐ,,,36.543194,139.882419,75,
082333,1561,錧,ss,ΐ,,,36.545914,139.882481,75,
082333,1562,錧,ss,ΐ,,,36.546560,139.880286,75,
082333,1563,錧,ss,ΐ,,,36.546689,139.876773,100,
082333,1564,錧,ss,ΐ,,,36.549706,139.882928,75,
082333,1565,錧,ss,ΐ,,,36.550183,139.880968,75,
082333,1566,錧,ss,ΐ,,,36.549413,139.879255,75,
082333,1567,錧,ss,ΐ,,,36.551086,139.879500,75,
082333,1568,錧,ss,ΐ,,,36.552602,139.878400,150,
082333,1569,錧,ss,ΐ,,,36.545350,139.871229,150,
082333,1570,錧,ss,ΐ,,,36.547923,139.871443,150,
082333,1571,錧,ss,ΐ,,,36.550717,139.871487,75,
082333,1572,錧,ss,ΐ,,,36.563765,139.896374,75,
082333,1573,錧,ss,ΐ,,,36.571029,139.895174,75,
082333,1574,錧,ss,ΐ,,,36.572807,139.895248,100,
082333,1575,錧,ss,ΐ,,,36.561417,139.892198,150,
082333,1576,錧,ss,ΐ,,,36.565477,139.890873,100,
082333,1577,錧,ss,ΐ,,,36.568504,139.888586,150,
082333,1578,錧,ss,ΐ,,,36.570324,139.892877,75,
082333,1579,錧,ss,ΐ,,,36.569499,139.890944,75,
082333,1580,錧,ss,ΐ,,,36.569770,139.889768,150,
082333,1581,錧,ss,ΐ,,,36.570899,139.891320,100,
082333,1582,錧,ss,ΐ,,,36.575187,139.894285,100,
082333,1583,錧,ss,ΐ,,,36.576379,139.885357,150,
082333,1584,錧,ss,ΐ,,,36.577774,139.882865,150,
082333,1585,錧,ss,ΐ,,,36.586039,139.883953,75,
082333,1586,錧,ss,ΐ,,,36.584418,139.884317,100,
082333,1587,錧,ss,ΐ,,,36.580251,139.883394,150,
082333,1588,錧,ss,ΐ,,,36.582374,139.883954,100,
082333,1589,錧,ss,ΐ,,,36.578647,139.886136,75,
082333,1590,錧,ss,ΐ,,,36.574334,139.886220,150,
082333,1591,錧,ss,ΐ,,,36.576506,139.883067,150,
082333,1592,錧,ss,ΐ,,,36.576242,139.892575,100,
082333,1593,錧,ss,ΐ,,,36.585765,139.887957,100,
082333,1594,錧,ss,ΐ,,,36.582794,139.890712,100,
082333,1595,錧,ss,ΐ,,,36.582334,139.892683,100,
082333,1596,錧,ss,ΐ,,,36.581033,139.891986,100,
082333,1597,錧,ss,ΐ,,,36.584750,139.890726,75,
082333,1598,錧,ss,ΐ,,,36.580379,139.893909,75,
082333,1599,錧,ss,ΐ,,,36.577936,139.892656,100,
082333,1600,錧,ss,ΐ,,,36.578596,139.894465,75,
082333,1601,錧,ss,ΐ,,,36.586401,139.889277,75,
082333,1602,錧,ss,ΐ,,,36.550750,139.885920,150,
082333,1603,錧,ss,ΐ,,,36.552372,139.882181,150,
082333,1604,錧,ss,ΐ,,,36.553460,139.880351,150,
082333,1605,錧,ss,ΐ,,,36.550557,139.887948,150,
082333,1606,錧,ss,ΐ,,,36.552238,139.892179,150,
082333,1607,錧,ss,ΐ,,,36.554568,139.894123,100,
082333,1608,錧,ss,ΐ,,,36.556198,139.892778,100,
082333,1609,錧,ss,ΐ,,,36.556704,139.888331,75,
082333,1610,錧,ss,ΐ,,,36.552208,139.883265,150,
082333,1611,錧,ss,ΐ,,,36.554107,139.882875,150,
082333,1612,錧,ss,ΐ,,,36.566541,139.878068,75,
082333,1613,錧,ss,ΐ,,,36.567553,139.876477,200,
082333,1614,錧,ss,ΐ,,,36.569589,139.872899,200,
082333,1615,錧,ss,ΐ,,,36.572459,139.876379,100,
082333,1616,錧,ss,ΐ,,,36.573362,139.878464,100,
082333,1617,錧,ss,ΐ,,,36.575737,139.875850,75,
082333,1618,錧,ss,ΐ,,,36.576998,139.873872,100,
082333,1619,錧,ss,ΐ,,,36.568439,139.870860,250,
082333,1620,錧,ss,ΐ,,,36.570201,139.870816,250,
082333,1621,錧,ss,ΐ,,,36.568710,139.874757,200,
082333,1622,錧,ss,ΐ,,,36.571291,139.873248,75,
082333,1623,錧,ss,ΐ,,,36.567966,139.887059,150,
082333,1624,錧,ss,ΐ,,,36.568911,139.885105,150,
082333,1625,錧,ss,ΐ,,,36.570208,139.884179,150,
082333,1626,錧,ss,ΐ,,,36.571712,139.885197,150,
082333,1627,錧,ss,ΐ,,,36.556295,139.882091,150,
082333,1628,錧,ss,ΐ,,,36.557492,139.881295,150,
082333,1629,錧,ss,ΐ,,,36.559525,139.880138,150,
082333,1630,錧,ss,ΐ,,,36.563984,139.880997,100,
082333,1631,錧,ss,ΐ,,,36.566306,139.882344,100,
082333,1632,錧,ss,ΐ,,,36.567648,139.880913,200,
082333,1633,錧,ss,ΐ,,,36.568827,139.882747,200,
082333,1634,錧,ss,ΐ,,,36.578172,139.856185,100,
082333,1635,錧,ss,ΐ,,,36.579115,139.852867,150,
082333,1636,錧,ss,ΐ,,,36.581048,139.851927,150,
082333,1637,錧,ss,ΐ,,,36.582066,139.860465,100,
082333,1638,錧,ss,ΐ,,,36.582215,139.852714,75,
082333,1639,錧,ss,ΐ,,,36.583636,139.860481,100,
082333,1640,錧,ss,ΐ,,,36.584171,139.853720,75,
082333,1641,錧,ss,ΐ,,,36.585751,139.856390,75,
082333,1642,錧,ss,ΐ,,,36.587896,139.860552,100,
082333,1643,錧,ss,ΐ,,,36.587727,139.857736,75,
082333,1644,錧,ss,ΐ,,,36.587565,139.854865,75,
082333,1645,錧,ss,ΐ,,,36.588600,139.860041,75,
082333,1646,錧,ss,ΐ,,,36.578334,139.849990,75,
082333,1647,錧,ss,ΐ,,,36.579278,139.849300,75,
082333,1648,錧,ss,ΐ,,,36.581973,139.848024,75,
082333,1649,錧,ss,ΐ,,,36.588536,139.869365,75,
082333,1650,錧,ss,ΐ,,,36.590657,139.868806,75,
082333,1651,錧,ss,ΐ,,,36.591591,139.867892,75,
082333,1652,錧,ss,ΐ,,,36.589366,139.864476,100,
082333,1653,錧,ss,ΐ,,,36.588909,139.862416,75,
082333,1654,錧,ss,ΐ,,,36.589925,139.865612,100,
082333,1655,錧,ss,ΐ,,,36.590639,139.866474,100,
082333,1656,錧,ss,ΐ,,,36.590866,139.867513,75,
082333,1657,錧,ss,ΐ,,,36.523697,139.825091,75,
082333,1658,錧,ss,ΐ,,,36.528181,139.823109,75,
082333,1659,錧,ss,ΐ,,,36.526119,139.820438,75,
082333,1660,錧,ss,ΐ,,,36.526458,139.818507,100,
082333,1661,錧,ss,ΐ,,,36.527758,139.818967,75,
082333,1662,錧,ss,ΐ,,,36.527749,139.817643,150,
082333,1663,錧,ss,ΐ,,,36.528338,139.820773,75,
082333,1664,錧,ss,ΐ,,,36.529127,139.816825,75,
082333,1665,錧,ss,ΐ,,,36.529790,139.818924,75,
082333,1666,錧,ss,ΐ,,,36.530257,139.820871,75,
082333,1667,錧,ss,ΐ,,,36.530353,139.818247,75,
082333,1668,錧,ss,ΐ,,,36.528165,139.816200,75,
082333,1669,錧,ss,ΐ,,,36.530419,139.815778,75,
082333,1670,錧,ss,ΐ,,,36.529836,139.817789,65,
082333,1671,錧,ss,ΐ,,,36.537536,139.816383,75,
082333,1672,錧,ss,ΐ,,,36.536466,139.815028,75,
082333,1673,錧,ss,ΐ,,,36.536160,139.813776,200,
082333,1674,錧,ss,ΐ,,,36.537179,139.814246,75,
082333,1675,錧,ss,ΐ,,,36.544701,139.819265,75,
082333,1676,錧,ss,ΐ,,,36.534572,139.814961,200,
082333,1677,錧,ss,ΐ,,,36.535704,139.816972,75,
082333,1678,錧,ss,ΐ,,,36.534766,139.819294,75,
082333,1679,錧,ss,ΐ,,,36.538603,139.813268,75,
082333,1680,錧,ss,ΐ,,,36.538580,139.811550,150,
082333,1681,錧,ss,ΐ,,,36.540059,139.811689,100,
082333,1682,錧,ss,ΐ,,,36.540863,139.811071,100,
082333,1683,錧,ss,ΐ,,,36.542272,139.816623,150,
082333,1684,錧,ss,ΐ,,,36.537661,139.812474,150,
082333,1685,錧,ss,ΐ,,,36.544575,139.854315,250,
082333,1686,錧,ss,ΐ,,,36.545887,139.853670,150,
082333,1687,錧,ss,ΐ,,,36.545599,139.851582,150,
082333,1688,錧,ss,ΐ,,,36.546971,139.852813,150,
082333,1689,錧,ss,ΐ,,,36.539031,139.841470,75,
082333,1690,錧,ss,ΐ,,,36.539471,139.846665,75,
082333,1691,錧,ss,ΐ,,,36.541131,139.846121,75,
082333,1692,錧,ss,ΐ,,,36.544137,139.846871,75,
082333,1693,錧,ss,ΐ,,,36.545556,139.849484,200,
082333,1694,錧,ss,ΐ,,,36.545931,139.847963,250,
082333,1695,錧,ss,ΐ,,,36.546044,139.841606,250,
082333,1696,錧,ss,ΐ,,,36.547021,139.843570,250,
082333,1697,錧,ss,ΐ,,,36.548222,139.845941,200,
082333,1698,錧,ss,ΐ,,,36.549668,139.849053,200,
082333,1699,錧,ss,ΐ,,,36.549226,139.846180,100,
082333,1700,錧,ss,ΐ,,,36.540875,139.831192,75,
082333,1701,錧,ss,ΐ,,,36.541675,139.829789,150,
082333,1702,錧,ss,ΐ,,,36.542463,139.832499,250,
082333,1703,錧,ss,ΐ,,,36.544762,139.838612,250,
082333,1704,錧,ss,ΐ,,,36.543750,139.836390,250,
082333,1705,錧,ss,ΐ,,,36.547932,139.840691,75,
082333,1706,錧,ss,ΐ,,,36.545188,139.849557,250,
082333,1707,錧,ss,ΐ,,,36.535094,139.819729,100,
082333,1708,錧,ss,ΐ,,,36.539798,139.828088,250,
082333,1709,錧,ss,ΐ,,,36.531929,139.823372,75,
082333,1710,錧,ss,ΐ,,,36.532824,139.821546,75,
082333,1711,錧,ss,ΐ,,,36.537823,139.825083,250,
082333,1712,錧,ss,ΐ,,,36.537885,139.827001,75,
082333,1713,錧,ss,ΐ,,,36.536338,139.823537,75,
082333,1714,錧,ss,ΐ,,,36.534776,139.822197,75,
082333,1715,錧,ss,ΐ,,,36.533435,139.820641,75,
082333,1716,錧,ss,ΐ,,,36.535563,139.820796,100,
082333,1717,錧,ss,ΐ,,,36.536547,139.817795,75,
082333,1718,錧,ss,ΐ,,,36.524705,139.815692,75,
082333,1719,錧,ss,ΐ,,,36.525575,139.813758,75,
082333,1720,錧,ss,ΐ,,,36.527262,139.813232,75,
082333,1721,錧,ss,ΐ,,,36.528271,139.813402,75,
082333,1722,錧,ss,ΐ,,,36.528476,139.812539,75,
082333,1723,錧,ss,ΐ,,,36.529180,139.813015,75,
082333,1724,錧,ss,ΐ,,,36.530016,139.814399,75,
082333,1725,錧,ss,ΐ,,,36.530492,139.813610,75,
082333,1726,錧,ss,ΐ,,,36.530442,139.812573,75,
082333,1727,錧,ss,ΐ,,,36.531400,139.813960,100,
082333,1728,錧,ss,ΐ,,,36.531712,139.812775,75,
082333,1729,錧,ss,ΐ,,,36.532952,139.813704,75,
082333,1730,錧,ss,ΐ,,,36.534444,139.813523,100,
082333,1731,錧,ss,ΐ,,,36.534091,139.812055,75,
082333,1732,錧,ss,ΐ,,,36.534977,139.811672,75,
082333,1733,錧,ss,ΐ,,,36.535793,139.812714,75,
082333,1734,錧,ss,ΐ,,,36.536402,139.810547,75,
082333,1735,錧,ss,ΐ,,,36.521701,139.831621,150,
082333,1736,錧,ss,ΐ,,,36.522182,139.828489,150,
082333,1737,錧,ss,ΐ,,,36.522724,139.825450,150,
082333,1738,錧,ss,ΐ,,,36.523009,139.822881,75,
082333,1739,錧,ss,ΐ,,,36.523822,139.823550,75,
082333,1740,錧,ss,ΐ,,,36.525572,139.825725,75,
082333,1741,錧,ss,ΐ,,,36.523272,139.820090,75,
082333,1742,錧,ss,ΐ,,,36.524825,139.821941,75,
082333,1743,錧,ss,ΐ,,,36.544572,139.814815,75,
082333,1744,錧,ss,ΐ,,,36.544758,139.811120,75,
082333,1745,錧,ss,ΐ,,,36.538093,139.809273,75,
082333,1746,錧,ss,ΐ,,,36.539911,139.810145,150,
082333,1747,錧,ss,ΐ,,,36.539561,139.808100,75,
082333,1748,錧,ss,ΐ,,,36.541299,139.808805,150,
082333,1749,錧,ss,ΐ,,,36.541063,139.806699,75,
082333,1750,錧,ss,ΐ,,,36.541897,139.809283,100,
082333,1751,錧,ss,ΐ,,,36.542779,139.807013,150,
082333,1752,錧,ss,ΐ,,,36.543043,139.810028,75,
082333,1753,錧,ss,ΐ,,,36.542955,139.807677,100,
082333,1754,錧,ss,ΐ,,,36.543923,139.806275,150,
082333,1755,錧,ss,ΐ,,,36.544895,139.805681,100,
082333,1756,錧,ss,ΐ,,,36.546534,139.806142,100,
082333,1757,錧,ss,ΐ,,,36.548746,139.808017,75,
082333,1758,錧,ss,ΐ,,,36.548628,139.805757,75,
082333,1759,錧,ss,ΐ,,,36.542545,139.804801,75,
082333,1760,錧,ss,ΐ,,,36.543832,139.805260,150,
082333,1761,錧,ss,ΐ,,,36.544830,139.803432,75,
082333,1762,錧,ss,ΐ,,,36.545244,139.801205,75,
082333,1763,錧,ss,ΐ,,,36.546118,139.803178,75,
082333,1764,錧,ss,ΐ,,,36.547974,139.805141,75,
082333,1765,錧,ss,ΐ,,,36.544019,139.808525,75,
082333,1766,錧,ss,ΐ,,,36.531425,139.818753,75,
082333,1767,錧,ss,ΐ,,,36.532931,139.818976,75,
082333,1768,錧,ss,ΐ,,,36.533421,139.817112,100,
082333,1769,錧,ss,ΐ,,,36.534033,139.817710,75,
082333,1770,錧,ss,ΐ,,,36.531525,139.816217,75,
082333,1771,錧,ss,ΐ,,,36.531600,139.814776,75,
082333,1772,錧,ss,ΐ,,,36.533001,139.815591,200,
082333,1773,錧,ss,ΐ,,,36.532783,139.815012,75,
082333,1774,錧,ss,ΐ,,,36.533896,139.816089,75,
082333,1775,錧,ss,ΐ,,,36.564682,139.936198,150,
082333,1776,錧,ss,ΐ,,,36.520398,139.908315,100,
082333,1777,錧,ss,ΐ,,,36.517240,139.923699,75,
082333,1778,錧,ss,ΐ,,,36.547125,139.940585,,
082333,1779,錧,ss,ΐ,,,36.556661,139.938889,,
082333,1780,錧,ss,ΐ,,,36.556417,139.941378,,
082333,1781,錧,ss,ΐ,,,36.508345,139.955461,,
082333,1782,錧,ss,ΐ,,,36.510375,139.949521,,
082333,1783,錧,ss,ΐ,,,36.550645,139.942871,,
082333,1784,錧,ss,ΐ,,,36.549435,139.941667,,
082333,1785,錧,ss,ΐ,,,36.466398,139.975291,100,
082333,1786,錧,ss,ΐ,,,36.511368,139.985148,100,
,,,,,,,,,,
,,,,,,,,,,
,,,,,,,,,,
